sentence,bias_score,assertive_verb_count,assertive_verb_prop,bias_count,bias_prop,coherence_marker_count,coherence_marker_prop,degree_modifier_count,degree_modifier_prop,factive_verb_count,factive_verb_prop,flesch-kincaid_grade_level,hedge_word_count,hedge_word_prop,implicative_verb_count,implicative_verb_prop,liwc_3rd_person_pronoum_count,liwc_3rd_person_pronoun_prop,liwc_achievement_word_count,liwc_achievement_word_prop,liwc_adverb_count,liwc_adverb_prop,liwc_auxiliary_verb_count,liwc_auxiliary_verb_prop,liwc_causation_word_count,liwc_causation_word_prop,liwc_certainty_word_count,liwc_certainty_word_prop,liwc_conjunction_count,liwc_conjunction_prop,liwc_discrepency_word_count,liwc_discrepency_word_prop,liwc_preposition_count,liwc_preposition_prop,liwc_tentative_word_count,liwc_tentative_word_prop,liwc_work_word_count,liwc_work_word_prop,modality,mood,opinion_count,opinion_prop,subjective_strong_count,subjective_strong_prop,subjective_weak_count,subjective_weak_prop,subjectivity_score,unique_word_count,vader_composite_sentiment,word_count
best smile and face and everything ! d i know ur talking about cole ! he does doesnt he ! p,1.3620091937,0,0,0,0,0,0,0,0,0,0,0.9,0,0,0,0,2,0.1111,1,0.0556,1,0.0556,2,0.1111,0,0,0,0,2,0.1111,0,0,1,0.0556,0,0,0,0,0.75,indicative,0,0,0,0,0,0,0.2,16,0.8213,18
r . i . p to the boy who lost his life today by lamar they say he 's still alive .,1.3096135757,0,0,0,0,0,0,0,0,0,0,3.6,0,0,0,0,3,0.1667,1,0.0556,1,0.0556,0,0,0,0,0,0,0,0,0,0,2,0.1111,0,0,0,0,0.25,indicative,0,0,0,0,0,0,0.4,18,0.0772,18
"noisettes , the group , what do you think of them ? i love them , but what about you ? what do you think of them ?",1.0078595545,0,0,0,0,0,0,0,0,0,0,0.1,0,0,0,0,3,0.1364,0,0,1,0.0455,2,0.0909,0,0,0,0,1,0.0455,0,0,3,0.1364,0,0,0,0,0.5,indicative,0,0,0,0,0,0,0.6,13,0.4836,22
"may magpakilala ba naman sayo na "" dakila "" pangalan ? ! yiyeah ! yung friend ko ! she wants me to call her dakilang stacey ! hahaha",0.9709979491,0,0,0,0,0,0,0,0,0,0,4.8,0,0,0,0,2,0.087,0,0,0,0,1,0.0435,0,0,0,0,0,0,1,0.0435,1,0.0435,1,0.0435,0,0,0.125,indicative,0,0,0,0,0,0,0.25,22,0.8388,23
ps i need to meet your new pup ! i saw a picture on fb and i almost melted ! so cute ! omg ! shes sooooooo cute . you really do have to meet her !,0.9430824007,0,0,0,0,0,0,0,0,0,0,0.1,0,0,0,0,2,0.0645,0,0,2,0.0645,3,0.0968,0,0,0,0,2,0.0645,1,0.0323,3,0.0968,1,0.0323,0,0,0.65,indicative,0,0,0,0,0,0,0.6636,26,0.8497,31
"is it okay for a girl to ask a guy to prom ? girl , yes . i did it ! lol",0.7719640434,0,0,0,0,0,0,0,0,0,0,-0.3,0,0,0,0,0,0,0,0,0,0,2,0.1111,0,0,0,0,0,0,0,0,3,0.1667,0,0,1,0.0556,1,indicative,0,0,0,0,0,0,0.6,14,0.7712,18
"see even agrees with me . we know what we are talking about if y 'all don 't "" finish the job "" . then its only mediocre lol . <number> . <number> % of guys want the "" full service women want the same thing . don 't play with it . a man has to know what he is doin . or i will tell him and instruct him haha",0.7571603134,0,0,0,0,0,0,0,0,0,0,0.5,0,0,0,0,3,0.0435,0,0,3,0.0435,4,0.058,0,0,0,0,4,0.058,3,0.0435,5,0.0725,2,0.029,0,0,0.5278,conditional,0,0,0,0,0,0,0.6125,54,0.8625,69
i work friday morning ! what time is everything goin down ? ? the <number> st oh im still debating if i wannna get a room or just vip somewhere,0.6814009841,0,0,0,0,0,0,0,0,0,0,3.3,0,0,0,0,0,0,0,0,2,0.069,2,0.069,0,0,0,0,2,0.069,1,0.0345,1,0.0345,2,0.069,0,0,1,indicative,0,0,0,0,0,0,0.2889,28,0.6062,29
"ruthless hoes . lol . no manners at all ! lol it 's like reaching over & eating off of someone else 's plate . won 't be long before they get that hand smacked ! what we talked about lastnight is a no go , i 'm done with her .",0.6706714852,0,0,0,0,0,0,0,0,0,0,2.9,0,0,0,0,2,0.0465,1,0.0233,1,0.0233,3,0.0698,0,0,1,0.0233,0,0,0,0,7,0.1628,0,0,0,0,0.75,indicative,0,0,0,0,0,0,0.7,41,0.9183,43
"en als ik honger hebt dan gebruik ik cannibalize he dooie mensen moet ook eten xd lol heb je op wow forum gezeten ofzo d nee met wow was ik undead natuurlijke , he soort zoekt soort ik ben worgen jonge die zijn veel beter d dikke weerwolf haha oke wie is dan een goblin ? ? ? xd eppo is goblin d die heeft hij toen gemaakt he ik yannick al gevonden in wow xd <url>",0.6296239547,0,0,0,0,0,0,0,0,0,0,12.6,0,0,0,0,3,0.04,0,0,0,0,3,0.04,0,0,0,0,0,0,0,0,1,0.0133,0,0,0,0,1,imperative,0,0,0,0,0,0,0.8,58,0.9696,75
"in all honesty though , is spot - on about mvc3 's completely inexcusable lack of features . they 're saving it for super marvel vs capcom <number> gold edition",0.5964927855,0,0,0,0,0,0,0,0,0,0,6,0,0,0,0,1,0.0345,1,0.0345,3,0.1034,1,0.0345,0,0,2,0.069,1,0.0345,0,0,5,0.1724,0,0,0,0,0.75,indicative,0,0,0,0,0,0,0.5333,29,0.8085,29
"i wonder how many frat guys are about to unfollow me . but anyways they have a "" synchronized "" personality well most when you tweet i can imagine you saying words in your accent and i laugh . you need to change your avi back .",0.5943375775,0,0,0,0,0,0,0,0,0,0,6.4,0,0,0,0,1,0.0227,0,0,5,0.1136,3,0.0682,2,0.0455,0,0,4,0.0909,1,0.0227,4,0.0909,2,0.0455,1,0.0227,0.2273,conditional,0,0,0,0,0,0,0.275,37,0.8201,44
incredible ! ! ! rt ouchhhhhhhhhhhhh ! ? wow <url> davidbekham yes incredible bsara7a  check the top rated comments tayeb,0.5939826466,0,0,0,0,0,0,0,0,0,0,9.1,0,0,0,0,0,0,1,0.0588,0,0,0,0,0,0,0,0,0,0,0,0,0,0,0,0,0,0,1,imperative,0,0,0,0,0,0,0.825,16,0.858,17
"why you bullshxttin ? u kno u gonna be all up on them freshman . talkin bout you <number> , right ? & lt - - - - i like this upperclassman . she keeeeps it real . lol rt & lt - - - - i like this upperclassman . she keeeeps it real . lol & lt & lt lol thanks guhh !",0.5814324511,0,0,0,0,0,0,0,0,0,0,-0.7,0,0,0,0,3,0.0508,0,0,0,0,1,0.0169,1,0.0169,1,0.0169,0,0,0,0,2,0.0339,0,0,0,0,0.75,imperative,0,0,0,0,0,0,0.6871,34,0.9428,59
cts reallly quiet - _ - hope you 're having fun tho ! ! ! ! go fist pump for them aww thanks and i am really enjoying myself but its just like idk i keep looking out the window <cont> <url> lol he got you up in timbucktoo,0.5740216919,0,0,0,0,0,0,0,0,0,0,5.6,0,0,0,0,2,0.0408,0,0,3,0.0612,2,0.0408,0,0,0,0,3,0.0612,1,0.0204,4,0.0816,1,0.0204,0,0,0.5,indicative,0,0,0,0,0,0,0.4067,44,0.9315,49
"omg omg omg , i saw this gwapo guyyyy heere at addu migahhhd xd whooo hahaha eric patrick dulay . o hahahahahahha hahahahahaha i shall search him . lolness . oiii , tiks me . laterrrrrrrr , yes you should search in twitter seconddulay hahhahahhahah naa nko 'y gi send nimo hahahahaha omg , i thought she liked ryle ? oh my gawhd qwwegsdjshfjurekfcndjbvjfd heheheheheh she 's a flirt , no worries you have him hahahhahahahha",0.5548387654,0,0,0,0,0,0,0,0,0,0,7.2,0,0,0,0,4,0.0615,0,0,0,0,3,0.0462,0,0,0,0,0,0,1,0.0154,2,0.0308,0,0,0,0,0.4286,conditional,0,0,0,0,0,0,0.6,56,0.836,65
ishot yogi bear in the foot . he told everyone he lost it in nam black swan if you want to watch it again its online today <url>,0.549204486,0,0,0,0,0,0,0,0,0,0,3.6,0,0,0,0,2,0.069,1,0.0345,1,0.0345,0,0,0,0,0,0,1,0.0345,2,0.069,3,0.1034,1,0.0345,0,0,-0.25,indicative,0,0,0,0,0,0,0.4333,26,-0.25,29
she loves you dip ? rt i hate when you say love to me but in fact you don 't love me you need a big cock,0.5238305179,0,0,0,0,1,0.0385,0,0,0,0,1.3,0,0,0,0,1,0.0385,0,0,1,0.0385,0,0,0,0,1,0.0385,2,0.0769,1,0.0385,2,0.0769,0,0,0,0,0.5,indicative,0,0,0,0,0,0,0.55,21,0.8176,26
i want your shirt ! ! seems like you 've got quite the predicament on your hands . lol lol yes i do . but i do want it ! haha,0.4993809719,0,0,0,0,0,0,0,0,0,0,-0.3,0,0,0,0,0,0,0,0,0,0,2,0.0769,0,0,0,0,1,0.0385,2,0.0769,1,0.0385,2,0.0769,0,0,-0.0833,indicative,0,0,0,0,0,0,0.5667,20,0.8974,26
guess what you get this saturday if you find me a cupcake pan ! ! ! ? ? sam ! ! ! i 'm not gonna be here on saturday ! ! ! ! ! ! ! lol fine then lol the cupcakes will have to wait !,0.4780045559,0,0,0,0,0,0,0,0,0,0,2.5,0,0,0,0,0,0,0,0,1,0.0303,3,0.0909,0,0,0,0,2,0.0606,1,0.0303,2,0.0606,2,0.0606,0,0,0.5714,conditional,0,0,0,0,0,0,0.6333,30,0.8372,33
smoking weed is not attractive in any way . okay . didnt know you had twitter ! lool wooho ! yeah i 'm good & you ? btw i hope ur tweets are not dead lol woahh my tweets are amazing mate ! same goes to you lool im only kidding anyway ! i dont tweet much anymore but they are ok well you need to start tweeting more then !,0.4774660615,0,0,0,0,0,0,0,0,0,0,2.5,0,0,0,0,1,0.0159,0,0,2,0.0317,8,0.127,0,0,0,0,2,0.0317,2,0.0317,3,0.0476,2,0.0317,0,0,0.5,indicative,0,0,0,0,0,0,0.5841,52,0.9189,63
i just hate when she talks i 've been following for awhile and she haven 't even followed a niggga back . so rude lmao,0.471797543,0,0,0,0,0,0,0,0,0,0,4.4,0,0,0,0,2,0.0833,0,0,5,0.2083,1,0.0417,0,0,0,0,3,0.125,0,0,1,0.0417,0,0,0,0,1,indicative,0,0,0,0,0,0,0.52,22,-0.5248,24
"please follow & lt - - - - she follows everyone back if you ask im from manchester , you ? and welcome ! so do i ! tanksss ! np & lt <number> ohh thats cool ! ! im from dominican republic ! awesome ! . um , wheres that ? & lt <number> hahaha ! ! is in the caribbean next to puerto rico ! p oo woah . does justin follow you ?",0.4595847337,0,0,0,0,0,0,0,0,0,0,1.7,0,0,0,0,1,0.0159,0,0,2,0.0317,7,0.1111,0,0,0,0,3,0.0476,1,0.0159,4,0.0635,1,0.0159,0,0,0.75,indicative,0,0,0,0,0,0,0.4917,48,0.9621,63
"becca ! ! ! newbigtimerush hey ! ! = how are you ! ? ! i missed you soooo much ! & lt <number> newbigtimerush im ok , in a lot alot of pain right now . but thank you for asking ! and thanks so much ! how are you ? well at least you 're back ! ! ! you 're welcome , i 've been praying for you a lot ! i 'm good , could be better but its okay ! aww ! thanks so much ! i really appreciate it so much ! you are amazing ! ! hope it gets better for you soon ! = you 're more than welcome ! haha thanks girly ! we need to talk more now that you 're back , i really have missed you ! for sure ! ! you are awesome ! i could use some awesome in my life ! = awww you think i 'm awesome ? you 're too sweet ! you 're the awesome one ! & lt <number> newbigtimerush i dont think your awesome , i know your awesome ! ! ! d d awwwwwwww becca ! ! ! seriously you make me smile so much ! you are the best thanks so much ! & lt <number> newbigtimerush i am not the best cause you are the best , and if your the best then i most definitely cannot be ! you are amazing ! ! d d & lt <number> awwww stop it ! comeon now we all know who the amazing one is ! you ! & lt <number> newbigtimerush",0.4459700203,0,0,0,0,2,0.0087,0,0,0,0,2.5,0,0,0,0,0,0,6,0.0261,19,0.0826,18,0.0783,4,0.0174,2,0.0087,13,0.0565,5,0.0217,10,0.0435,7,0.0304,0,0,0.4732,conditional,0,0,0,0,0,0,0.5009,103,0.9994,230
goodmorning . hey ! ! ! ! ! ! ! ! ! ! ! hey how are ya good so far failing our tt idea but oh well i am trying . you ? yeah ppl r already trending something . maybe we can do it tonight . ill be on longer then . lol . haha oh yea ! ! i hope so ! i woke up & saw that jonas tt haha yeah im glad there is one finally . but we will so get to it this afternoon . lol . ill be on around4pm that would be so awesome ! & lt <number> joejonsnl yes ma 'am . joejonsnl has to trend tonight . it better haha joejonsnl haha ok im gonna go cuz igot some stuff to do so ill ttyl tonight . & lt <number> joejonsnl . alright ttyl & lt <number> joejonsnl ok im here u ready ?  me too but i got another tweet limit on there haha hahah nice . im gonna do my best not to get the limit . lol .  haha i had two already today trying to trend it omg bless ur heart . lol  haha it sucked right now i 'm watching nick on les mes & boring when they are not showing him haha hahah yeah i just really wanna see him sing empty chairs . lol .  your missing it it comes on at <number> here . i have <number> min . lol  ahhhh ok it started <number> but yet nick didn 't come on til <number> oh really ? wow a whole hour before he comes on . crap . lol joejonsnl  yea i had it on mute til he came on bahahah nice . ill prolly switch to another ch or something or stay on here til <number> . when does he sing empty chairs ?  idk haha i don 't think has yet hahah ok cool .  oooooh wow sweaty joe nothin better  these pics of je i found are hot .  oh yes good god he is fine  yes he is mm yummy  nick looked yummy today too i havent seen those pics yet . lol  <url> omg . o  omg what haha he is sooooo pretty . lol  yes he is ! ! ! hah ano doubt  he 's <number> hours from me haha,0.4230436805,0,0,0,0,0,0,0,0,0,0,2.5,0,0,0,0,11,0.0301,5,0.0137,24,0.0658,29,0.0795,2,0.0055,0,0,19,0.0521,2,0.0055,24,0.0658,6,0.0164,0,0,0.3816,conditional,0,0,0,0,0,0,0.622,184,0.9995,365
hows your life ? ahh gogo ! ! ! ! how are you ? my life is great how 's yours ? i am doing well just trying to finish up school . so you are in the <number> now ? yeppp ! ! are you graduating this year ? ?,0.401722879,0,0,0,0,0,0,0,0,0,0,-0.3,0,0,0,0,0,0,1,0.0256,6,0.1538,6,0.1538,3,0.0769,0,0,3,0.0769,0,0,3,0.0769,0,0,0,0,1,indicative,0,0,0,0,0,0,0.75,33,0.8529,39
"alright , i need some help . i 'm going to list the songs i will be playing tonight at the acoustic show . i need <cont> <url> please do when you look me in the eyes after all this time , thats still my favorite",0.3910446365,0,0,0,0,2,0.0435,0,0,0,0,2.9,0,0,0,0,0,0,0,0,2,0.0435,4,0.087,0,0,1,0.0217,1,0.0217,2,0.0435,4,0.087,1,0.0217,0,0,0.5833,conditional,0,0,0,0,0,0,1,38,0.8689,46
"beliebers . just wanna have fun , is a teen ! d want to know more about justin bieber , his iq quiz 's "" 107 "" , omg . <url>",0.3835420641,0,0,0,0,0,0,0,0,0,0,1.7,0,0,0,0,1,0.037,0,0,2,0.0741,2,0.0741,0,0,0,0,0,0,1,0.037,2,0.0741,0,0,0,0,0.4167,imperative,0,0,0,0,0,0,0.2333,26,0.5983,27
"hi , why is rowan atkinson aka mr bean following me ? is he even real ? ? nope if you mean rowan _ atkinson that 's a fake one .",0.3777131728,0,0,0,0,0,0,0,0,0,0,2.9,0,0,0,0,1,0.04,0,0,1,0.04,2,0.08,1,0.04,0,0,1,0.04,1,0.04,0,0,1,0.04,0,0,0.75,indicative,0,0,0,0,0,0,0.5219,22,-0.5632,25
haa i love you too ! & lt <number> and haa you have to earn them silly you 've already seen anyways ! o ahah jk . you wish .,0.3697079515,0,0,0,0,0,0,0,0,0,0,1.7,0,0,0,0,1,0.0357,0,0,1,0.0357,1,0.0357,0,0,0,0,1,0.0357,1,0.0357,1,0.0357,0,0,0,0,0.25,imperative,0,0,0,0,0,0,0.7375,24,0.8585,28
if the bulls come back and will i 'm going to put on my freshly shinned bills helmet and ram a cab on the beach if the bulls i will dirty my ginch with excitement,0.3554261249,0,0,0,0,0,0,0,0,0,0,11,0,0,0,0,0,0,0,0,1,0.0286,2,0.0571,0,0,0,0,4,0.1143,2,0.0571,4,0.1143,2,0.0571,0,0,0.5833,conditional,0,0,0,0,0,0,0.4333,26,0.0772,35
0 _ o rt i want a dildo but idk how i feel about fake penis . lol . hey hi secret wifey lol . supp ? chillin playin xbox like a nerd . you ? bout to watch lady gaga 's video again . i couldn 't get through half of it lol . i caught myself singing it the other day though lol lol . do you secretly love gaga ? bad romance is my shit . lol . i love this . women and their gaga . lol . i love her . she aight . she 's glory . so i decided if i ever meet you in person i 'm taking you out on a date,0.3474056466,0,0,0,0,0,0,0,0,0,0,0.1,0,0,0,0,3,0.0297,0,0,6,0.0594,2,0.0198,1,0.0099,1,0.0099,6,0.0594,2,0.0198,6,0.0594,1,0.0099,0,0,0.3,indicative,0,0,0,0,0,0,0.6505,76,0.9921,101
"rainy monday , i 'm okay with you come up to at crossroads to celebrate new job ! will be there what time ? bobby and i will be there around <number> - i will also have to mapquest this place you speak of .  follow the scent of awesome oh so i should stay home ?  no ! well i 'm always awesome .  debatable ! muhuhahahah ! ugh . no winking lizard for me . evil man .  i kid , i kid . come enjoy the reds game if they are even playing <minor_speaker> isn 't your birthday . um . not right now ?  what ? ! didn 't you know ? !",0.3401968561,0,0,0,0,1,0.01,0,0,0,0,3.3,0,0,0,0,1,0.01,0,0,8,0.08,8,0.08,0,0,1,0.01,4,0.04,2,0.02,10,0.1,1,0.01,0,0,0.6618,conditional,0,0,0,0,0,0,0.6738,75,0.9028,100
"i want gerard way 's eyelashes ! ! ! d & lt <number> i want gerard way l haha , me too ! d him over chocolate any - day d haha , you are funny ! di have such a big chocolate overdose that i don 't even wanna think about chocolate anymore ! d i got vegan chocolate today but it 's so expensive , so i only got abit , almost finished it already d oh , i love vegan chocolates too , specially marcs and spencer vegan chocolates , but yes they really are expensive ! they do it at m & s ! o",0.3392345808,0,0,0,0,0,0,0,0,0,0,6.8,0,0,0,0,3,0.0319,0,0,9,0.0957,4,0.0426,0,0,0,0,5,0.0532,2,0.0213,3,0.0319,2,0.0213,0,0,0.1591,indicative,0,0,0,0,0,0,0.5429,65,0.9499,94
"im taking his milk and cookies . i gave him a chance to give em up , but now im jus stealin them shits . i like the sound of that",0.3359666499,0,0,0,0,0,0,0,0,0,0,0.9,0,0,0,0,3,0.1071,0,0,1,0.0357,2,0.0714,0,0,0,0,2,0.0714,0,0,3,0.1071,1,0.0357,0,0,-0.25,indicative,0,0,0,0,0,0,0.4,26,-0.1027,28
"did you delete smackdooooown ? i will actually kill you if you did . cody rhodes ! no we watchd half on laptop but quality was pooo . where are you willis | ! ! ! ? ? ? when are you home ? urm i dunnno , i 'm helping soph fix her internet what - your trying to fix something techonoligcal - oh dear ! ! ! ! whats up with it ? ? shutup i 'm actually well good at ict ! and i don 't even know ? were on our way home now your good at winding up your teacher in ict ! ! ! ha ha . mate come up , this bloody mystery pi game is stressing me out annnnd i 'll come up when mum and dad are back from walking zee dog ! and lollll i hate that game i sooo wana watch the hangover - but i dont have it on my laptop - damn ! ! ! ! ! ! ! imma dl 'in it now ! ! kk win - kin - so ha ha",0.3253834295,0,0,0,0,0,0,0,0,0,0,2.5,0,0,0,0,1,0.0066,2,0.0132,11,0.0724,12,0.0789,0,0,0,0,9,0.0592,1,0.0066,14,0.0921,1,0.0066,0,0,0.6786,conditional,0,0,0,0,0,0,0.4152,105,0.9621,152
"does anyone have good , editable footage of a preds standing o that i could borrow ? i swear i just read that as edible . there use to be clips on youtube that were pretty good .",0.3209274284,0,0,0,0,0,0,0,0,0,0,5.2,0,0,0,0,0,0,0,0,2,0.0588,5,0.1471,1,0.0294,0,0,1,0.0294,1,0.0294,4,0.1176,1,0.0294,1,0.0294,0,conditional,0,0,0,0,0,0,0.7333,29,0.8316,34
because the army is all what we have ! ! . we 've got to let them do their job quietly ! . yarabsallem i hate to trust someone or an institution too much . do u think i 'm paranoid ? & i have to trust them we have to remember that the army is one of the main reasons behind the success of the revolution,0.3179896868,0,0,0,0,0,0,0,0,0,0,4,0,0,0,0,2,0.0333,0,0,1,0.0167,8,0.1333,1,0.0167,1,0.0167,2,0.0333,0,0,7,0.1167,1,0.0167,0,0,0.5,indicative,0,0,0,0,0,0,0.4111,41,0.7562,60
"<number> reasons why the term <heart> apples to apples <heart> pisses me off <url> insurance . so true ryan . great post thanks brent ! ryan , fyi i am still getting very condensed blog articles on the kindle . keep up the great work . i have emailed them and haven 't heard anything back . have you tried going to amazon . com and seeing if there is a faq on it ? i have not gone to amazon . i subscribe to another blog and it shows the full article . i will check . thanks . give it a day but i changed my feed from "" preview "" to "" full text "" . i think that was the issue . i was reading faq . great . i will check on it later today and let you know . i think the problem was i had my feed on "" preview "" . i changed the setting to full text . ryan , i now have your full posts on my kindle . thanks btw , i subscribe to pc360 and saw your article . i will tweet it later thanks brent ! i really appreciate it !",0.3146122303,0,0,0,0,1,0.0054,0,0,0,0,1.7,0,0,0,0,1,0.0054,1,0.0054,7,0.0376,14,0.0753,3,0.0161,1,0.0054,8,0.043,1,0.0054,15,0.0806,2,0.0108,1,0.0054,0.625,conditional,0,0,0,0,0,0,0.3765,97,0.9799,186
"at pinkberry with my pink princess enjoying a precious moment <url> - they are adorable , alma still speaks about emma bif sis . hugs",0.3132279604,0,0,0,0,0,0,0,0,0,0,9.5,0,0,0,0,1,0.04,0,0,2,0.08,1,0.04,0,0,0,0,0,0,0,0,3,0.12,0,0,0,0,0.4167,indicative,0,0,0,0,0,0,0.725,25,0.926,25
rip up tonight bred - give kb a cheeky jab <number> me haha i got ya lol slap his ghetto  a couple of tries will do and a few points to get my fantasy pointa up pls lol haha you know i got ya lol,0.3127817098,0,0,0,0,1,0.0213,0,0,0,0,14.6,0,0,0,0,1,0.0213,1,0.0213,0,0,2,0.0426,0,0,0,0,1,0.0213,0,0,4,0.0851,0,0,0,0,0.475,imperative,0,0,0,0,0,0,0.4571,38,0.936,47
crippled black phoenix to help the late journey home if battery lasts . you need emergency back - up music on your phone,0.3033247552,0,0,0,0,0,0,0,0,0,0,4.8,0,0,0,0,0,0,0,0,1,0.0455,0,0,0,0,0,0,1,0.0455,2,0.0909,3,0.1364,1,0.0455,0,0,0.25,indicative,0,0,0,0,0,0,0.3444,22,0.0258,22
maybe bigger than jb . haha jk . i 'm fan of her . she 's so awesome . hahahahahahahaha p just amazed . thinking of dudz ? oh yeah thanks because i got instant <number> followers thank you for those who had follow me . p,0.2987304774,0,0,0,0,0,0,0,0,0,0,2.1,0,0,0,0,2,0.0488,0,0,3,0.0732,1,0.0244,1,0.0244,0,0,2,0.0488,0,0,4,0.0976,1,0.0244,0,0,0,indicative,0,0,0,0,0,0,0.5333,38,0.9692,41
"thanks , u really my best friend on twitter sent you a dm , ok ? u sent my dm ? sent what ? it 's nothing weird , just wanted to let you know something in your dm 's . ok ?",0.2980117628,0,0,0,0,1,0.0303,0,0,0,0,-0.7,0,0,0,0,0,0,1,0.0303,2,0.0606,1,0.0303,0,0,0,0,0,0,1,0.0303,3,0.0909,0,0,0,0,0.35,indicative,0,0,0,0,0,0,0.5,25,0.9495,33
"awh schmidt ! i missed tweet spree again <heart> i did too d do you happen to know what his favorite cake is p like flavor vanilla , choclate etc p",0.2924412908,0,0,0,0,0,0,0,0,0,0,9.9,0,0,0,0,1,0.0323,0,0,2,0.0645,3,0.0968,0,0,0,0,0,0,0,0,1,0.0323,0,0,0,0,0.75,imperative,0,0,0,0,0,0,1,29,0.5562,31
today i start the lemonade fast day <number> i wonder if i will crack and eat food ironicly i have a meeting in the diner soon can i get a torture ! what are you doing ? ! lemonade fast ! for what purpose ? i feel wieght depressed why ? im in one if my moods since yesterday ur gonna have to acknowledge how you feel and do something that will boost your confidence so you can move on . ur a boost of confidence for me - no . you just need a little push in the right direction -,0.2919270523,0,0,0,0,0,0,0,0,0,0,4.8,0,0,0,0,0,0,2,0.0206,4,0.0412,10,0.1031,3,0.0309,2,0.0206,6,0.0619,3,0.0309,9,0.0928,3,0.0309,0,0,0.39,conditional,0,0,0,0,0,0,0.6271,68,0.6144,97
"i 'm planning a month long trip to europe , i know how much you love history and thought i 'd find <cont> <url> its got to be italy , florence gorgeous full of good stuff , rome of course , i could go on and on . more to follow aft vets yay you rock . italy is first on my list including venice and rome but will definitely add florence to it ! i like florence best , and of course there is the david to see which is to my mind the greatest artwork ever . now we 're definitely going there ! the boyfriend will just have to be persuaded to tag along to all the beautiful old places !",0.2897837585,0,0,0,0,1,0.0085,0,0,0,0,6.8,0,0,0,0,0,0,3,0.0256,8,0.0684,9,0.0769,1,0.0085,4,0.0342,6,0.0513,1,0.0085,16,0.1368,0,0,0,0,0.5985,conditional,0,0,0,0,0,0,0.5417,80,0.989,117
"is that an attempt at face - fuzz that i see ? <url> i saw that , yeah ! he 's got a sort of goatee thing going on . gp2beardwatch",0.2874428709,0,0,0,0,0,0,1,0.0357,0,0,-0.7,0,0,0,0,1,0.0357,0,0,0,0,1,0.0357,0,0,0,0,0,0,0,0,3,0.1071,1,0.0357,0,0,0.5,indicative,0,0,0,0,0,0,0,25,0.3595,28
russell crowe . amazing actor and good person . perfect . i am sure . - are you going to the royal wedding next friday capt ? lol justasking,0.2845005967,0,0,0,0,0,0,0,0,0,0,3.7,0,0,0,0,0,0,0,0,0,0,2,0.0833,0,0,0,0,1,0.0417,0,0,1,0.0417,0,0,0,0,1,imperative,0,0,0,0,0,0,0.6815,24,0.9382,24
"memorial weekend dream trip . two races , two cities , one day ! go to pennzoil . com and click promotions to enter "" shift to clean "" sweeps hey shell - get me a shell card with kurt busch on it and i 'm a customer !",0.282649385,0,0,0,0,0,0,0,0,0,0,1.3,0,0,0,0,0,0,0,0,0,0,0,0,0,0,0,0,2,0.0465,0,0,5,0.1163,0,0,1,0.0233,0.75,indicative,0,0,0,0,0,0,0.7,36,0.6467,43
"what 's g ? whats poppn , where u been my nigga ? i must of been under a rock and ish . i know you still got plentybars letswork i 'm ready , what did u have in mind u gotta track already ? well we can scan thru a few joints i 'm workin on , or take the traditional route n pen one down",0.2725833114,0,0,0,0,0,0,0,0,0,0,2.1,0,0,0,0,0,0,0,0,3,0.05,7,0.1167,0,0,1,0.0167,2,0.0333,1,0.0167,6,0.1,1,0.0167,1,0.0167,0.5357,indicative,0,0,0,0,0,0,0.4097,50,0.6298,60
"good morning tweeps ! what 's on your platter today ? a date with a loved one , a spring party invitation and oh . a root canal operation o _ o",0.2603353981,0,0,0,0,0,0,0,0,0,0,2.1,0,0,0,0,0,0,0,0,0,0,0,0,0,0,0,0,1,0.037,0,0,2,0.0741,0,0,0,0,1,indicative,0,0,0,0,0,0,0.7,23,0.8687,27
"can someone tell me why some of unreleased songs or demo work trumps most mainstream music that 's released ? cause you know how music is in today 's world all too well . . and heeey ! how 's life ? it could all be so simple , but . you rather make it hard ah ardd . lol",0.2589945204,0,0,0,0,1,0.0204,0,0,0,0,2.5,0,0,0,0,0,0,0,0,6,0.1224,4,0.0816,4,0.0816,2,0.0408,6,0.1224,2,0.0408,2,0.0408,3,0.0612,0,0,0.1538,conditional,0,0,0,0,0,0,0.5247,44,0.6488,49
"ooooooo someone is in trouble xd too right jess , d he never feeds meh ! i mean my spaghetti is better than his but still ! d  heeeeeyyyy ! ! ! you have never taste my pasta , so you can 't tell that ! * pouts *",0.2568439969,0,0,0,0,1,0.0244,0,0,0,0,2.5,0,0,0,0,2,0.0488,1,0.0244,3,0.0732,4,0.0976,0,0,2,0.0488,2,0.0488,0,0,2,0.0488,0,0,0,0,0.125,indicative,0,0,0,0,0,0,0.4808,35,0.583,41
"jacc is eating my brain . jacc one of those not - so - great specs that don 't offer much to vendors or users . lots of "" what we were trying to accomplish . "" and "" the reason we . "" <number> <number> a java binding for pam all of it , not just parts would be solid enough to develop against . not perfect , but usable . not fully versed in that beyond what 's in loginmodule et al . . what 's missing ? presumably adding users ? right . it 's what inspired a lot of the java server security not the vm stuff , but we 've historically only focused on pure auth ok , well , stay tuned putting together a composable policy framework that plays nice with jacc , but frees the actual . <number> <number> . grant exclude work from the hideous policyimplies method . that frees up bolting on full - fledged authz . <number> <number> nice . would that free the platform up from having to keep all those permission objects around ? maybe even skip creating them ?",0.2543996933,0,0,0,0,1,0.0056,0,0,0,0,4.8,0,0,0,0,1,0.0056,1,0.0056,8,0.0452,6,0.0339,0,0,2,0.0113,6,0.0339,2,0.0113,21,0.1186,4,0.0226,1,0.0056,0.3235,indicative,0,0,0,0,0,0,0.5724,115,0.9888,177
i 've got a core i5 macbook air right here if anyone has any questions . or you can ask in the comments thread here <url> how well does it run photoshop illustrator ? pretty much just as well as the current macbook pros do . sassafras ! that 's auto - correct for sweeeeet ! thank you .,0.2501706855,0,0,0,0,2,0.037,0,0,0,0,3.6,0,0,0,0,0,0,0,0,6,0.1111,4,0.0741,1,0.0185,0,0,5,0.0926,1,0.0185,4,0.0741,4,0.0741,0,0,0.125,conditional,0,0,0,0,0,0,0.5339,48,0.8585,54
"in the rush to taint all clerics let 's not forget there are good priests . fr ted , fr dougal & fr jack are lovely fellas nosenseofreality also max von sydow and the other lad from "" the exorcist "" .  and dumbledore . he 's in the bible too isn 't he ? dumbledore ? we should compile a list of movie "" good priests "" it will balance the negativity around the church considering their claim to authority is based on fiction characters anyway , that should do nicely ! i feel a "" golden cleric "" competition is on the cards ! ! my vote is for bing crosby in going my way .",0.2407743874,0,0,0,0,0,0,0,0,0,0,7.2,0,0,0,0,2,0.019,0,0,4,0.0381,10,0.0952,1,0.0095,1,0.0095,3,0.0286,2,0.019,11,0.1048,0,0,0,0,0.42,imperative,0,0,0,0,0,0,0.6375,77,0.9082,105
"khj mih gj tjn j co thm phi o di ah . nang tinh gi ngn hang nao ma tinh phi th nang ? nh bidv e sun co tk o a nang , ma t cha bit no u na ne . . t . t m . ngn hang nay k cha i ln nao . nn k bit co tinh phi k . chk la k u  ss oi , cai tinh hinh ve hnay sao rui ss ? co kha kham hon k ? <minor_speaker> when is ss3 vietnam again ?  on <number> th may <minor_speaker> okay how much is the concert ticket ?  a & st <number> usd b & c <number> usd d & f <number> usd e & g <number> usd all included vat <number> % <minor_speaker> okay thanks  will u come ? <minor_speaker> i wanna go so bad , im still trying to convince my parents to let me go  where are you ? <minor_speaker> im from malaysia  we really need your help , we wnat to make sapphire blue for sj , but lots of v - elf will take an important exam on that day <minor_speaker> i heard about it , so that is why i was wondering why the ticket wasnt sold out , they cant change the date ?  it 's a very important exam , an national exam , we don 't have right to change it . <minor_speaker> i mean the concert date , but anyway i really wanna go i would like to see the boys again  i don 't know either . haizzz . it 's all up to the organiser and sm . <minor_speaker> but i think the ticket is more expensive than malaysia 's concert , am i right ?",0.2374614136,0,0,0,0,3,0.0102,0,0,0,0,3.6,0,0,0,0,1,0.0034,1,0.0034,12,0.0408,17,0.0578,6,0.0204,2,0.0068,8,0.0272,2,0.0068,15,0.051,3,0.0102,3,0.0102,0.4737,indicative,0,0,0,0,0,0,0.5017,161,0.9135,294
"wisconsin & gt mini mubarak 's senate okays arrest of <number> democrats in illinois - thursday , march <number> , <number> <url> wi tcot p2 & lt - - commie troll on tcot . for a troll list to block - - & gt <url> make em ' voiceless . teaparty gop sgp ocra  your last troll list link didn 't go there , my friend . works for me . might have just been that tweet .",0.2346967008,0,0,0,0,0,0,0,0,0,0,3.3,0,0,0,0,0,0,1,0.0128,2,0.0256,3,0.0385,1,0.0128,0,0,0,0,0,0,6,0.0769,1,0.0128,1,0.0128,0.6071,indicative,0,0,0,0,0,0,0.0333,55,0.6369,78
"<heart> hahaha he was like "" where my cash bitch "" <heart> lol i knw that nigga was a fool signup now ! we 'll offer you <number> dollars bonus . <url>",0.233909808,0,0,0,0,0,0,0,0,0,0,4,0,0,0,0,1,0.0263,0,0,2,0.0526,2,0.0526,0,0,0,0,0,0,0,0,0,0,0,0,0,0,0.625,conditional,0,0,0,0,0,0,0.55,29,0.7177,38
yup . lady boss . taking order now ? lol rt bibimbap ! ! ! anyone ? lol reminded me of the bimbimbap that i did not even get to taste in kl,0.2296681964,0,0,0,0,0,0,0,0,0,0,2.9,0,0,0,0,0,0,0,0,2,0.0769,1,0.0385,0,0,0,0,0,0,0,0,3,0.1154,0,0,0,0,1,indicative,0,0,0,0,0,0,0.7,25,0.7805,26
kids are so well informed ! <url> no idea where you fond that but it is . very good .,0.2289380249,0,0,0,0,0,0,0,0,0,0,1.7,0,0,0,0,0,0,0,0,4,0.2105,2,0.1053,0,0,0,0,2,0.1053,0,0,0,0,0,0,0,0,1,indicative,0,0,0,0,0,0,0.78,19,0.7784,19
"what are you doing ? "" h _ _ _ _ n _ * _ he * _ _ _ * _ l _ pe _ wheel hitting the ski slopes wheel",0.2281587865,0,0,0,0,0,0,0,0,0,0,-2.2,0,0,0,0,1,0.0323,0,0,0,0,2,0.0645,0,0,0,0,0,0,0,0,0,0,0,0,0,0,1,indicative,0,0,0,0,0,0,0,17,0,31
"<url> the track i need a dollar by aloe blacc on spotify yeah , but when is it available in ireland ? soon , the revolution is coming",0.220841817,0,0,0,0,0,0,0,0,0,0,5.6,0,0,0,0,0,0,0,0,2,0.0741,2,0.0741,0,0,0,0,2,0.0741,1,0.037,3,0.1111,0,0,0,0,1,imperative,0,0,0,0,0,0,0.4,25,0.1531,27
<heart> new camo kobes ! iwantthem why dont you get a camo face cover first ? realtalk . i hate you shelby thats alright . shelby might be a old ladys name but i have a neice named brooks . shes really cute all brooks are cute hahahahahahaha with one exception .,0.2193081529,0,0,0,0,0,0,0,0,0,0,5.6,0,0,0,0,1,0.0208,1,0.0208,1,0.0208,7,0.1458,1,0.0208,1,0.0208,1,0.0208,0,0,1,0.0208,1,0.0208,0,0,0.1786,imperative,0,0,0,0,0,0,0.648,40,0.8527,48
"si dejamos solos a los honestos , a su suerte , a merced de la jauria de perros rabiosos , el poco sentido de responsabilidad perecera . exactly how meditation advantages the circulatory product <url> marvelous site",0.2192719454,0,0,0,0,0,0,0,0,0,0,13.1,0,0,0,0,0,0,0,0,1,0.0286,0,0,1,0.0286,0,0,1,0.0286,0,0,0,0,0,0,0,0,1,indicative,0,0,0,0,0,0,0.625,31,0.7506,35
"my lovely <number> i 'm asking u , why you ask me back lol but i don 't know if i 'm free or not so let 's check later dear hahahahahahaha okeeey miss you more i 'm on my way home now , i feel fresh after spa with strawberry scrub <heart> <heart> <heart> <heart> <heart> <heart> i will ask u funny questions ok ? . what 's that ? i 'm curious . what the smell of your shampoo ? hahaha lolololol bahahahaha smells like . i don 't know hmm not smells like fruit or plant or hmm i don 't know what about u ? haha xddd my hair smell like mangoes lol ddddddddddd what is yr fav color ? that 's good <heart> pink , purple , black , & white . but the most is pink & you ? purple , brown and blue hmm what the book ar you reading now ?",0.2161242788,0,0,0,0,0,0,0,0,0,0,2.9,0,0,0,0,0,0,0,0,5,0.0323,4,0.0258,1,0.0065,0,0,8,0.0516,1,0.0065,5,0.0323,5,0.0323,0,0,0.4706,indicative,0,0,0,0,0,0,0.4692,87,0.9951,155
i truly think shannon brown can fly ! lol he jumps sooooo high its a good game khole i love your whole family cant get enough of the k family,0.2113760173,0,0,0,0,0,0,0,0,0,0,4,0,0,0,0,1,0.0345,0,0,1,0.0345,2,0.069,0,0,1,0.0345,0,0,0,0,1,0.0345,0,0,0,0,0.3125,indicative,0,0,0,0,0,0,0.58,27,0.92,29
"pricey or not , how cool does this look ? ! <url> i really like the music by starlight picture , what can you make that into ? magnet ? my family likes magnets lol <url> can you make the make mine chocolate a magnet too ? i sure can ! but not until probably tomorrow . and the bunny nurse a magnet too , and tomorrow is fine ! how much of proceeds do you get ? i get about $ . <number> off of them , which is pretty decent considering i don 't have to make them myself .",0.2096795867,0,0,0,0,0,0,0,0,0,0,3.3,0,0,0,0,2,0.0217,0,0,7,0.0761,8,0.087,6,0.0652,0,0,7,0.0761,0,0,8,0.087,3,0.0326,0,0,0.225,indicative,0,0,0,0,0,0,0.6007,63,0.9217,92
if the dumbest person in country a is smarter than everyone in b . if that person goes from a - & gt b you increase the ave iq of both countries . why stop there ? just keep moving the dumbest person from a to b .,0.177510516,0,0,0,0,0,0,0,0,0,0,2.5,0,0,0,0,0,0,0,0,2,0.0455,1,0.0227,1,0.0227,0,0,2,0.0455,2,0.0455,7,0.1591,2,0.0455,0,0,0.75,indicative,0,0,0,0,0,0,0,32,-0.34,44
"kiss me , massage me , rub me , lick me , eat me , tongue me , fuck me , make me cum . twitterafterdark that was the greatest twitterafterdark tweet ever !",0.1616231694,0,0,0,0,0,0,0,0,0,0,5.6,0,0,0,0,0,0,0,0,1,0.04,1,0.04,1,0.04,1,0.04,0,0,0,0,0,0,0,0,0,0,1,imperative,0,0,0,0,0,0,0.8,17,0.5848,25
"it 's a proofing party thanks to ! good times . - well , that was a short proofing party ! thank you ! looks fan - freakin - tastic !",0.1607465625,0,0,0,0,0,0,0,0,0,0,0.1,0,0,0,0,0,0,0,0,1,0.0417,1,0.0417,0,0,0,0,0,0,0,0,1,0.0417,0,0,0,0,0.75,indicative,0,0,0,0,0,0,0.3667,19,0.9536,24
r - t if you want me to to follow you next . mention me wizfollowmenext for a follow . why aren 't you following me . wizfollowmenext,0.1481612799,0,0,0,0,0,0,0,0,0,0,2.9,0,0,0,0,0,0,0,0,0,0,0,0,1,0.04,0,0,1,0.04,2,0.08,3,0.12,1,0.04,0,0,0.0833,indicative,0,0,0,0,0,0,0.05,18,0.0772,25
rt you should be used to men staring at you by now lol lmao no not really that 's the price you pay when you 're pretty lol,0.1480270285,0,0,0,0,0,0,0,0,0,0,7.1,0,0,0,0,0,0,0,0,3,0.1111,2,0.0741,1,0.037,0,0,1,0.037,1,0.037,3,0.1111,1,0.037,0,0,0.0417,imperative,0,0,0,0,0,0,0.72,23,0.8779,27
this going in for life by drake is one smooth as song broo im bout to download comeback season right now and tht room for improvement thts when drizzy was legit u aint got that smh that when drake was on his takeover shit its just like so far gone,0.1469406663,0,0,0,0,0,0,0,0,0,0,16.9,0,0,0,0,1,0.02,0,0,5,0.1,5,0.1,0,0,0,0,5,0.1,0,0,7,0.14,0,0,0,0,0.75,indicative,0,0,0,0,0,0,0.7089,45,0.4333,50
this morning needs coffee <url> what the hell is this teasing ?,0.1466077065,0,0,0,0,0,0,0,0,0,0,1.7,0,0,0,0,0,0,0,0,0,0,1,0.0769,0,0,0,0,0,0,1,0.0769,0,0,0,0,0,0,1,indicative,0,0,0,0,0,0,0,12,-0.7096,13
"<url> & lt & lt please sign , will give you a shoutout and loveee you forever ' & lt <number> haha u already love me forever i 'm too smexy to forget d haha howls u ? lol okay , you ' xxx and yes you are too smexy lol ' xx haha not just me we are both to smexy for the world , i 'm good ! ! ! soo pickles ate gonna take ova the world ha ? loli thought you were the one who was always very random ' xxx what ya mean imma save the world with my super ninja spy skills that only random people can have , then imma eat peanut butter ! !",0.1379893716,0,0,0,0,0,0,0,0,0,0,8.7,0,0,0,0,0,0,2,0.0179,5,0.0446,7,0.0625,0,0,3,0.0268,3,0.0268,0,0,4,0.0357,0,0,0,0,0.4833,conditional,0,0,0,0,0,0,0.5772,80,0.9889,112
new pic ! do you like it ? s <url> <url> - gorgeousss . thanks d you are . on the inside and out . gorgeous,0.1301141309,0,0,0,0,0,0,0,0,0,0,-0.7,0,0,0,0,0,0,0,0,0,0,2,0.0833,0,0,0,0,1,0.0417,0,0,3,0.125,0,0,0,0,0.75,indicative,0,0,0,0,0,0,0.5182,20,0.8655,24
i was so off this am ! couldn 't keep up w ur wit so thought i 'd sit out ! i 'm coming back strong tomorrow ! you always have plenty of game . chat with you tomorrow and have a great tuesday .,0.1250724707,0,0,0,0,0,0,0,0,0,0,0.5,0,0,0,0,0,0,0,0,3,0.075,4,0.1,0,0,1,0.025,3,0.075,0,0,5,0.125,0,0,0,0,0.75,conditional,0,0,0,0,0,0,0.4708,34,0.851,40
"this is nme ? no , it 's the q awards . fuck off you cunt ! who do you think you are ? the crazy psycho girlfriend just take it easy . take it easy . it could have been bigger this is matthew bellamy pissed up . i love nme ! i want more . what the fuck is going on ? like what 's happening ? there 's something in the sky . just hanging out we ended up getting the edge instead . he was better than a ufo lets be honest . now i am listening to muse i can not concentrate more on lines from the interview sorry haha . that 's alright . i 'm putting the interview on my iphone right now . lol . lol . i will download it tomorrow too . i have to show it to a friend lol",0.1194941335,0,0,0,0,0,0,0,0,0,0,0.9,0,0,0,0,1,0.0079,1,0.0079,7,0.0556,14,0.1111,0,0,0,0,0,0,2,0.0159,13,0.1032,0,0,0,0,0.2976,conditional,0,0,0,0,0,0,0.659,86,0.928,126
"blu & exile "" dancing in the rain "" nowplaying aye help me pic some braids homie look at the pics an choose",0.1172248866,0,0,0,0,0,0,0,0,0,0,6.4,0,0,0,0,0,0,0,0,0,0,0,0,0,0,0,0,0,0,0,0,2,0.087,1,0.0435,0,0,0.65,imperative,0,0,0,0,0,0,0,21,0.4019,23
i 'm watching make - up tutorials on youtube . i reallyyyy wanna learn how to wear make - up ! ! ! o wow i knew u would come around one day lmfao yeah i know . but i want a natural look doe ! ! ! nothing to much !,0.1139077973,0,0,0,0,0,0,0,0,0,0,1.7,0,0,0,0,0,0,0,0,2,0.0455,1,0.0227,3,0.0682,0,0,2,0.0455,2,0.0455,6,0.1364,0,0,0,0,0.2115,conditional,0,0,0,0,0,0,0.5333,36,0.8784,44
"taking your bra off at the end of the day , is a feeling that never gets old . guys , the same for you when you take your boxers off or w e . it truely is the best thing eva lol x",0.1135934298,0,0,0,0,0,0,0,0,0,0,1.3,0,0,0,0,0,0,1,0.025,1,0.025,2,0.05,0,0,1,0.025,2,0.05,0,0,5,0.125,1,0.025,0,0,0.25,indicative,0,0,0,0,0,0,0.395,33,0.8176,40
sorry you don 't get to see me today . maybe you should come to the other church ! nooo . you should be at mine . you live right beside it !,0.1132704634,0,0,0,0,0,0,0,0,0,0,1.3,0,0,0,0,0,0,0,0,1,0.0357,3,0.1071,0,0,0,0,0,0,2,0.0714,4,0.1429,1,0.0357,0,0,0.35,imperative,0,0,0,0,0,0,0.6027,23,-0.2225,28
"my room is the coldest in the house ! i 'm in this hoe freezing ndshit . under the covers ndshit . goose bumps ndshit . curled up ndshit don 't need a towel we could dry off under covers n 'shit lmaooo lmaoo ! oh hi bestfriend , there you are o _ o & lt <number> shhh bestfriend . question ! why haven 't we had epic bbm convos lately ? tonight at <number> ? my people call your people ? d lol lmao idk . but yeahhh i 'm up for it & lt <number> kk good you know why * tev voice * "" i want some pussy rawr "" lmfaooo ras .",0.1116217482,0,0,0,0,1,0.0091,0,0,0,0,0.5,0,0,0,0,0,0,0,0,2,0.0182,4,0.0364,2,0.0182,0,0,1,0.0091,3,0.0273,9,0.0818,1,0.0091,0,0,0.3167,conditional,0,0,0,0,0,0,0.6714,80,0.8914,110
"i got your message on plancast , i 'll be in palo alto mar <number> and sfo on mar <number> , i have some time those days . cool . what 's a good way to get in touch with you ? -",0.1111411814,0,0,0,0,0,0,0,0,0,0,4.4,0,0,0,0,0,0,0,0,0,0,2,0.0488,0,0,0,0,1,0.0244,0,0,6,0.1463,1,0.0244,0,0,0.65,indicative,0,0,0,0,0,0,0.625,33,0.6369,41
"you lot are lovely - the only insult we 've had has been from - yer all getting sweets at the next gig x the same mandolin that is in your profile pic obviously covering the fact you have no "" package "" ?",0.1103089419,0,0,0,0,1,0.0233,0,0,0,0,15,0,0,0,0,0,0,0,0,1,0.0233,6,0.1395,0,0,2,0.0465,0,0,0,0,3,0.0698,1,0.0233,0,0,0.8438,indicative,0,0,0,0,0,0,0.475,37,0.3612,43
someone help me chose a song for cypress idol what kind of music do you usually sing ?,0.1100863375,0,0,0,0,0,0,1,0.0588,0,0,6.4,0,0,0,0,0,0,0,0,1,0.0588,1,0.0588,0,0,0,0,0,0,0,0,2,0.1176,1,0.0588,0,0,0.5,indicative,0,0,0,0,0,0,0.575,17,0.4019,17
no ! rated r rt keep it pg - <number> ladiesssssssssssssssss ! ook ok swag ! ! . i respect it ! ! ! ! ! ! ! ! ! lol,0.1054621512,0,0,0,0,0,0,0,0,0,0,-1.8,0,0,0,0,0,0,0,0,0,0,0,0,0,0,0,0,0,0,0,0,0,0,0,0,0,0,0.75,imperative,0,0,0,0,0,0,0.6,18,0.7946,19
"wonder what a clean car looks like . let 's find out arvada car wash <url> oh i posted up a pic of my clean ride that i cleaned on saturday - hubby cleaned her again today ! she 's black , dirt shows .",0.1003094374,0,0,0,0,0,0,0,0,1,0.0244,2.5,0,0,0,0,2,0.0488,0,0,1,0.0244,1,0.0244,0,0,0,0,0,0,0,0,4,0.0976,1,0.0244,0,0,0.5833,indicative,0,0,0,0,0,0,0.6111,36,0.6996,41
thank you arlitfest for being so welcoming . who knew downtown little rock was so beautiful ? loved it ! thank you so much for coming - last week concert - this week - life is good ! & my kids love you too,0.0957796703,0,0,0,0,0,0,0,0,0,0,2.1,0,0,0,0,0,0,0,0,4,0.1,3,0.075,0,0,0,0,3,0.075,0,0,2,0.05,0,0,0,0,0.6071,indicative,0,0,0,0,0,0,0.5381,31,0.979,40
we got a new girl at work . she look like nicki from da bacc . i 'ma go introduce myself on break . man don 't be greedy put me on da phone so i can introduce myself . aye dude name zach said he having s party april <number> u down ?,0.0870086275,0,0,0,0,0,0,0,0,0,0,2.1,0,0,0,0,2,0.04,0,0,1,0.02,3,0.06,0,0,0,0,1,0.02,0,0,5,0.1,0,0,0,0,0.3056,indicative,0,0,0,0,0,0,0.3717,45,0.4404,50
"bugger - often the ' tt ' changes to ' ss ' . and ' corax ' crow . we have a lot of crows around here also ravens but more north , in canada . crows are very cool birds . oh yes . we tend to only get ravens in the north , but we have all the others even some jays drop in now and then . we had scrub jays in california blue jays here , with the little topknot . in cal i had one that would take peanuts from my fingers !",0.0843043986,0,0,0,0,0,0,0,0,0,0,2.9,1,0.0123,0,0,0,0,0,0,9,0.1111,6,0.0741,1,0.0123,1,0.0123,6,0.0741,1,0.0123,11,0.1358,3,0.037,0,0,0.25,conditional,0,0,0,0,0,0,0.589,60,0.6789,81
"literally proudof1d and proudofaiden that is all . alright laaaaaa , what goes muahaha . miss yoo girly x just chillin haaa ! i miss ya too , haven 't saw you in ages o . x inooo . gerl yer wna see me tan from today . woooo ! sunbathin n tha haha shoulda went the beach & lt <number> i 'm still paler than a ghosttt - sly on ma life ! ! and aw i went the beach yesterday gurlll & lt <number> ahh hahah goin sevy park tomorrow i thinks to tan up more pahahha ! how fabs this sun beeeeen & lt <number> i know i was chillin in mee back garden before ! ah it 's properr fab and i 'm going to town tomorra ' . & lt <number> goooood p did yea go freshies yesterday . shhhhwag at miss bates on the beach haaaa !",0.0606150805,0,0,0,0,1,0.007,0,0,0,0,1.7,0,0,0,0,0,0,0,0,5,0.035,3,0.021,1,0.007,1,0.007,4,0.028,0,0,11,0.0769,0,0,0,0,0.6944,imperative,0,0,0,0,0,0,0.2667,105,0.7482,143
"sir , how do ? how 's the new abode treating you ? it 's just divine - my little haven . how are things in the land of gouda ? i want a heaven ! great thanks - getting stuck into a new job - i 'm a cheese maker ! i 'm not really , but would be pretty cool !",0.0521224429,0,0,0,0,0,0,0,0,0,0,0.1,0,0,0,0,0,0,0,0,5,0.0962,4,0.0769,3,0.0577,0,0,4,0.0769,2,0.0385,3,0.0577,1,0.0192,0,0,-0.0385,imperative,0,0,0,0,0,0,0.5261,41,0.9321,52
johnny flynn . i did a film with him . just saying . fo ' real ? elaborate . back in like <number> i did a film called crusade in jeans . johnny was the main character ',0.0441568966,0,0,0,0,0,0,0,0,0,0,3.7,0,0,0,0,1,0.0313,0,0,2,0.0625,3,0.0938,0,0,0,0,0,0,0,0,3,0.0938,0,0,0,0,0.4167,indicative,0,0,0,0,0,0,0.4444,26,0.3612,32
"i know you don 't really care , but i finished our poultry - opolis today , over time and over budget . getting ducks ne <url> i care . have you ever seen the chicken coop that i built with my own hands ? only thing i 've ever built",0.033316752,0,0,0,0,0,0,0,0,0,0,4,0,0,0,0,0,0,0,0,4,0.0833,1,0.0208,0,0,2,0.0417,2,0.0417,0,0,3,0.0625,0,0,0,0,0.6136,indicative,0,0,0,0,0,0,0.7875,39,0.7897,48
again in honour of bht2011 some fabulous horsey tweeps thanks sarah ! still feel like crap and dear c was a total tart today . but did u proud in the retail stakes !,0.0322555662,0,0,0,0,0,0,0,0,0,0,2.5,0,0,0,0,0,0,0,0,2,0.0645,2,0.0645,0,0,1,0.0323,2,0.0645,0,0,3,0.0968,1,0.0323,0,0,0.25,indicative,0,0,0,0,0,0,0.75,30,0.8997,31
"awsome ice to <number> dreams last night . but how was i let down by a snapped chain . in a dream ? ? flatlandin in a shop lastnights dream new trix , no snapped chain though , yir chain let ya know it was a dream ? yeh man , went to pedal up for another go and it snapped . a dream by it 's nature should have let me pull it even without a chain",0.0237612848,0,0,0,0,0,0,0,0,0,0,1.7,0,0,0,0,0,0,0,0,3,0.0429,7,0.1,1,0.0143,0,0,4,0.0571,1,0.0143,10,0.1429,0,0,0,0,0.4167,conditional,0,0,0,0,0,0,0.27,48,0.822,70
"not about foul language but about "" slurs "" ! ! ! u better tell katt williams to stop using the n word and see what he tells u  two types use the n - word , racists and the authentic , genuine , unmitigated , confirmed hope to die fools . no exceptions ! none !",0.0216515815,0,0,0,0,0,0,0,0,0,0,8.3,0,0,0,0,1,0.0213,1,0.0213,2,0.0426,0,0,2,0.0426,0,0,3,0.0638,1,0.0213,4,0.0851,1,0.0213,0,0,0.75,indicative,0,0,0,0,0,0,0.6875,38,-0.9379,47
puhleazeeeeeee ! ur my inspiration ! rt & lt & lt & lt my inspiration for a nice body ! i wanna come thru ur spot on saturday where will you be ?,0.0087940015,0,0,0,0,0,0,0,0,0,0,2.9,0,0,0,0,0,0,0,0,1,0.0333,2,0.0667,0,0,0,0,0,0,0,0,3,0.1,0,0,0,0,0.5,indicative,0,0,0,0,0,0,1,23,0.8879,30
"can i ask u for a big favor ? ? - sure , what 's up ? hurt my knee , i 'm in pain lying in bed , but i 'm so horny , any love <number> me ? can u make me cum in anyway ? ? that will be so hot",-0.0036363647,0,0,0,0,0,0,0,0,0,0,-0.7,0,0,0,0,0,0,0,0,2,0.0444,4,0.0889,1,0.0222,0,0,3,0.0667,0,0,5,0.1111,1,0.0222,0,0,0.3864,conditional,0,0,0,0,0,0,0.6097,36,0.7274,45
mozzarella sticks and ice cream fat dude like <number> more i 'm so proud of you ! you better mention me in your thousandth no oh . i was going to mention you in my <number> th suckstosuck i helped you though !,-0.0051973324,0,0,0,0,0,0,0,0,0,0,3.6,0,0,0,0,0,0,1,0.0227,2,0.0455,1,0.0227,0,0,0,0,3,0.0682,0,0,4,0.0909,0,0,0,0,0.25,indicative,0,0,0,0,0,0,0.6667,34,0.8444,44
"using multiple technologies can make you feel lonelier <url> - the other day i was twitter 'n ppl i was on xbox with , hmm . yeah , that was a blast , actually . i love when we have our huge twitter gamer league chats . cc helps rookies that have broken flat mic 's too . plus sync 'n who can play to who talks about it lol also , not a rookie . just wasn 't playing well that night <heart> except that one round . that one round then you left - lol . stepped out at the top",-0.0089115505,0,0,0,0,0,0,0,0,0,0,1.7,0,0,0,0,0,0,1,0.0105,7,0.0737,7,0.0737,2,0.0211,0,0,4,0.0421,0,0,8,0.0842,0,0,0,0,0.3088,conditional,0,0,0,0,0,0,0.425,73,0.9477,95
wtf . what 's wrong ? are you okay ? i 'm okay just kinda frustrated . will explain later !,-0.0251768069,0,0,0,0,0,0,0,0,0,0,0.1,0,0,0,0,0,0,0,0,1,0.0667,2,0.1333,0,0,0,0,0,0,0,0,0,0,1,0.0667,0,0,1,indicative,0,0,0,0,0,0,0.5167,14,-0.8342,15
"doesnt matter , whatever the situation i can never win . ughh you 're a winner in my eyes . aww thanks girl . you da bestest ! i gotta see you and jen again asappp !",-0.0305753259,0,0,0,0,0,0,0,0,0,0,0.9,0,0,0,0,0,0,1,0.0313,1,0.0313,2,0.0625,0,0,1,0.0313,1,0.0313,0,0,1,0.0313,0,0,0,0,0.25,indicative,0,0,0,0,0,0,0.3,29,0.6295,32
"no andy she lies & gt d rt nooo ! this is part of her plot to get revenge on me rt and what 's wrong with that ? ? do notttt p hehehe aiiighhht fine , i agree with kelsey here , revenge is bad , and she doesnt lie . but you should still help me ! d",-0.0350059689,0,0,0,0,1,0.0196,0,0,0,0,0.9,0,0,0,0,3,0.0588,0,0,2,0.0392,5,0.098,0,0,0,0,3,0.0588,1,0.0196,5,0.098,0,0,0,0,0.25,conditional,0,0,0,0,0,0,0.6889,43,-0.5986,51
"nice , new laptop from work , getting bsod every <number> minutes , need my laptop ! ! ! some people are always lucky . time for a new laptop or a new job - geloofmje toch niet mart , heb die laptop net <number> dagen . en nog al wat deadlines - wat is er mis met een ouderwetse pen en papier aanpak . versturen via postduif of rooksignalen . i don 't see the problem",-0.0367490838,0,0,0,0,0,0,0,0,0,0,4.8,0,0,0,0,0,0,0,0,0,0,2,0.0286,0,0,2,0.0286,1,0.0143,1,0.0143,3,0.0429,3,0.0429,1,0.0143,0.6875,indicative,0,0,0,0,0,0,0.5328,58,-0.7249,70
pssst <url> workin ' the floppy hair !,-0.0417122,0,0,0,0,0,0,0,0,0,0,-0.3,0,0,0,0,0,0,0,0,0,0,0,0,0,0,0,0,0,0,0,0,0,0,0,0,0,0,1,indicative,0,0,0,0,0,0,0,8,0,8
"rt mustard is the worst . yuck ! its good on a ham sandwich , or rally 's burger eww that 's what i had it on . felt like i was gonna be sick smh lol",-0.043840914,0,0,0,0,0,0,0,0,0,0,0.5,0,0,0,0,0,0,0,0,0,0,4,0.125,0,0,0,0,1,0.0313,0,0,2,0.0625,1,0.0313,0,0,1,indicative,0,0,0,0,0,0,0.7893,30,-0.4199,32
"* shakes my head * i 'm lonely in here ' d don 't worry . after a few of us welcome you , everybody will start to follow you . that 's how it works . you wont be lonely long !",-0.0457796186,0,0,0,0,0,0,0,0,0,0,1.7,0,0,0,0,0,0,1,0.0278,2,0.0556,3,0.0833,1,0.0278,0,0,1,0.0278,0,0,4,0.1111,0,0,1,0.0278,0.5833,conditional,0,0,0,0,0,0,0.56,32,-0.636,36
mega jel of your reem day ! ! xxx haha i don 't know about the lack of sun though xx,-0.0613994147,0,0,0,0,0,0,0,0,0,0,-1.5,0,0,0,0,0,0,0,0,2,0.1053,0,0,0,0,0,0,1,0.0526,0,0,3,0.1579,0,0,0,0,0.75,imperative,0,0,0,0,0,0,0.3,18,0.3147,19
the missionary position is the position least likely to bring a woman to climax . sextips true rt the missionary position is the position least likely to bring a woman to climax . sextips .  so not true . unless u dont know how to do it .,-0.0632148134,0,0,0,0,0,0,0,0,0,0,4.8,0,0,0,0,0,0,0,0,2,0.0465,4,0.093,1,0.0233,2,0.0465,3,0.0698,0,0,6,0.1395,0,0,0,0,0.5,indicative,0,0,0,0,0,0,0.6833,23,0.6808,43
"18 is my brother , he enjoys mocking my latent homosexual tendencies . damn straight . oh sorry your i forgot that you 're a latent homesexual",-0.0734910225,0,0,0,0,0,0,0,0,0,0,5.6,0,0,0,0,1,0.0417,0,0,0,0,1,0.0417,0,0,0,0,0,0,0,0,0,0,0,0,0,0,0.35,indicative,0,0,0,0,0,0,0.7,22,-0.128,24
"so very , very tired . no idea how i 'm going to drag myself out for fun in soho with and others tonight . you did just fine . thanks for coming out",-0.0754043978,0,0,0,0,0,0,0,0,0,0,1.3,0,0,0,0,0,0,0,0,5,0.1667,1,0.0333,1,0.0333,0,0,3,0.1,0,0,7,0.2333,0,0,0,0,1,indicative,0,0,0,0,0,0,0.3762,27,-0.0969,30
"when you are spray painting , where are you doing it ? outside ? in your apartment ? where ? mostly spray painting outside but some little stuff in the bathroom .",-0.0755663407,0,0,0,0,0,0,0,0,0,0,5.2,0,0,0,0,0,0,0,0,4,0.1538,3,0.1154,0,0,0,0,2,0.0769,0,0,4,0.1538,2,0.0769,0,0,0.25,indicative,0,0,0,0,0,0,0.275,19,0,26
"bp migas pindah gedung yg sewanya <number> m cuma gara2 gdg lama ada tempat pijetnya . makin pinter yah bapak2 pejabat - _ _ - * sedih . kayanya hampir tiap gedung ada tempat pijetnya gak sih ? scara pijet refleksi bwt pekerja kantoran kan bisnis yg oke bgt hehehe katanya klo di bp migas pijet plus2 , pdhl biasanya bapak2 pejabat demen kan ya p berarti yg protes itu ibu2nya kabarnya istri2 anggota dpr pada was2 klo suaminya punya ipad galaxy tab  f r e e ipad <number> - test & keep the new ipad get it here now <url>",-0.0756475193,0,0,0,0,0,0,0,0,0,0,10.7,0,0,0,0,0,0,0,0,2,0.0194,0,0,0,0,0,0,0,0,0,0,0,0,0,0,1,0.0097,0.75,indicative,0,0,0,0,0,0,0.4545,79,0,103
"i didnt remember how nerdy seth cohen was , untill now you mean how badass ?",-0.0820107111,0,0,0,0,0,0,0,0,0,0,5.2,0,0,0,0,0,0,0,0,3,0.2143,2,0.1429,2,0.1429,0,0,2,0.1429,0,0,0,0,0,0,0,0,1,indicative,0,0,0,0,0,0,0.6875,13,-0.1159,14
<heart> aye . moth caught a oop cuh . gotta respect that rt <heart> mitch ca ak i forgot you was playing but thanks to twitter lol  i was cookn yall boys . & shut yall big man down . ak he scored the winning point on you . you no where as good a c . c stop make yourself sound good,-0.0910532442,0,0,0,0,0,0,0,0,0,0,-0.3,0,0,0,0,1,0.0161,0,0,1,0.0161,2,0.0323,1,0.0161,0,0,2,0.0323,0,0,4,0.0645,0,0,0,0,0,indicative,0,0,0,0,0,0,0.4549,50,0.9565,62
have your friends on fb helped you land a job or take a big step in your career ? share your story at <url> how about you stop posting stupid tweets and fix facebook for android . its literally useless,-0.0925483362,0,0,0,0,0,0,0,0,0,0,4.4,0,0,0,0,0,0,0,0,2,0.05,1,0.025,1,0.025,0,0,3,0.075,0,0,5,0.125,1,0.025,0,0,1,imperative,0,0,0,0,0,0,0.4333,36,-0.4767,40
"doctor my eyes have seen the yrs . & the slow parade of tears w out crying , now i want to understand "" . trying to call you - - - really ? have you left a message . i don 't have any from you . i 'll dm you ok . leave you phone # too .",-0.1003586726,0,0,0,0,0,0,0,0,0,0,-0.3,0,0,0,0,0,0,1,0.0192,3,0.0577,3,0.0577,0,0,0,0,0,0,1,0.0192,5,0.0962,1,0.0192,0,0,0.5625,conditional,0,0,0,0,0,0,0.3222,40,-0.4019,52
i 'm not perfect . yeah i apologize for being human . i leave perfection for machines i am just the driver,-0.1020035014,0,0,0,0,0,0,0,0,0,0,3.3,0,0,0,0,0,0,0,0,1,0.05,2,0.1,0,0,0,0,0,0,0,0,2,0.1,0,0,0,0,1,indicative,0,0,0,0,0,0,0.55,16,-0.1734,20
hey ! ! ! ! ! ! hey boo . how you doing good chick and yourself ? girl great so ready to leave burger king when are you ? august <number> my last day august <number> im leaving,-0.1139169306,0,0,0,0,0,0,0,0,0,0,2.5,0,0,0,0,0,0,0,0,3,0.0882,3,0.0882,1,0.0294,0,0,4,0.1176,0,0,1,0.0294,0,0,0,0,0.25,imperative,0,0,0,0,0,0,0.4792,28,0.9063,34
"no has brownies ? you no can has brownies . <url> get that cat out of the way ! the simpsons movie is on , but i can 't watch it with you so far away . its not the damn same ! i could press my penis up against the airport mcdonalds ' window if that would help . you 're not in turkey , it won 't be the same if you got arrested look i just want to take my pants off is that such a crime ? they should make planes for that . i 've always wondered how nudists fly irritated that 's how i do it .",-0.1181978742,0,0,0,0,0,0,0,0,0,0,1.7,0,0,0,0,1,0.0098,1,0.0098,5,0.049,11,0.1078,3,0.0294,1,0.0098,6,0.0588,6,0.0588,11,0.1078,3,0.0294,0,0,0.1,conditional,0,0,0,0,0,0,0.53,74,-0.6258,102
work today ? don 't even go there . what happened at your work ? o lots and lots of work . i didn 't step ut from behind the till from <number> <number> - <number> . i took double what i normally do ! and my,-0.1299397851,0,0,0,0,0,0,0,0,0,0,0.5,0,0,0,0,0,0,0,0,2,0.0426,1,0.0213,0,0,0,0,3,0.0638,0,0,6,0.1277,2,0.0426,0,0,0.45,imperative,0,0,0,0,0,0,0.45,32,0,47
a few prov cases already decided earlier . todays list has several cases . those left out nhad not heard from reg off earlier pl tweet my frnd 's dob <number> <number> <number> in dat case he cnt sit in chsl if closing date aftr <number> <number> . hw ssc cn do this ?,-0.1329830956,0,0,0,0,0,0,0,0,0,0,2.1,0,0,0,0,1,0.0169,0,0,0,0,2,0.0339,0,0,0,0,1,0.0169,1,0.0169,5,0.0847,1,0.0169,0,0,0.2143,indicative,0,0,0,0,0,0,0.22,44,0,59
james forrest and the giant peach celtsinthemovies i did james and the giant peach hours ago . p damn you lol ! just mean because the arm is a really visible place .,-0.1358073645,0,0,0,0,0,0,0,0,0,0,3.7,0,0,0,0,0,0,0,0,2,0.0667,2,0.0667,1,0.0333,0,0,3,0.1,0,0,0,0,0,0,0,0,0.75,indicative,0,0,0,0,0,0,0.7175,24,0.1007,30
rt you pussies probably shave down too . lmao ummm no not at all . some1 tell thomas bush is out ! ! you pitching tonite ? no centerfeild tonight,-0.1514722764,0,0,0,0,0,0,0,0,0,0,1.7,0,0,0,0,0,0,0,0,2,0.08,1,0.04,0,0,1,0.04,0,0,0,0,3,0.12,1,0.04,0,0,0.25,imperative,0,0,0,0,0,0,0.6444,23,0.2695,25
"quem me seguir vou sortea um playstation3 daqui <number> anos ! tesigomesegue twitter account selected for playstation <number> with move bundle , please go here to claim <url>",-0.1677336439,0,0,0,0,0,0,0,0,0,0,9.5,0,0,0,0,0,0,0,0,1,0.0313,0,0,0,0,0,0,0,0,0,0,3,0.0938,0,0,0,0,0.5,imperative,0,0,0,0,0,0,0,27,0.3802,32
is the iss visible tonight ? going over about <number> . <number> pm - from the west,-0.170820825,0,0,0,0,0,0,0,0,0,0,1.3,0,0,0,0,0,0,0,0,1,0.0526,1,0.0526,0,0,0,0,0,0,0,0,3,0.1579,0,0,0,0,0.75,indicative,0,0,0,0,0,0,0,15,0,19
i don 't care ! d you get my message ? did it send ! ! ! ! ? ?,-0.1820662678,0,0,0,0,0,0,0,0,0,0,-2.2,0,0,0,0,0,0,0,0,0,0,1,0.0833,0,0,0,0,0,0,0,0,0,0,0,0,0,0,0.25,indicative,0,0,0,0,0,0,0,12,0.7103,12
what 's good g chillen my niigga what 's good with you,-0.1855432748,0,0,0,0,0,0,0,0,0,0,-1.5,0,0,0,0,0,0,0,0,0,0,0,0,0,0,0,0,0,0,0,0,1,0.1,0,0,0,0,0.25,indicative,0,0,0,0,0,0,0.6,8,0.7003,10
"twitter is not working for me it 's not me , twitter . it 's you ? what ? me no comprende lol . nevermind miss , it was a bad joke . how are you ?",-0.1909105704,0,0,0,0,0,0,0,0,0,0,-0.7,0,0,0,0,0,0,0,0,1,0.037,3,0.1111,1,0.037,0,0,1,0.037,0,0,1,0.037,0,0,0,0,1,indicative,0,0,0,0,0,0,0.6833,20,-0.4291,27
money money money . where can i get more . hihi . bb can u help me to make yahoo id for contest ? i can 't make here . begging you mean yahoo account . ok . dm me your personal details . nickname u want to use and password . k ^ ^ check ur dm bb . thankyou dear . i owe so much to you .,-0.20866196,0,0,0,0,0,0,0,0,0,0,0.9,0,0,0,0,0,0,0,0,3,0.0517,4,0.069,3,0.0517,0,0,2,0.0345,1,0.0172,4,0.069,0,0,0,0,-0.0357,indicative,0,0,0,0,0,0,0.4375,42,0.7783,58
i 'm not coming back to michigan . i love it here . where r u ? howard  howard cold i went last year . it was girls everywhere ! yes it 's dope ag i don 't want to leave ! ! !,-0.2309880957,0,0,0,0,0,0,0,0,0,0,-0.3,0,0,0,0,0,0,0,0,3,0.0857,1,0.0286,0,0,0,0,0,0,1,0.0286,2,0.0571,0,0,0,0,-0.25,indicative,0,0,0,0,0,0,0.4167,28,0.8469,35
dude have u heard the grenade remix with weezy ? where u heard it from ? heard it on youtube kk . imma find it nauw .,-0.2354994481,0,0,0,0,0,0,0,0,0,0,1.7,0,0,0,0,0,0,0,0,1,0.0435,1,0.0435,0,0,0,0,0,0,0,0,3,0.1304,0,0,0,0,0.3333,indicative,0,0,0,0,0,0,0,18,0.4329,23
"i watched bbcqt & wash bored to tearsh & yawnsh . blah blah blah , ranty , shouty , shmug - muggery , liesh , shnide commentsh , ushual thing . dull . nice to see your changed face . are you on stage there receiving an award ? i can 't remember any more - it wash shome event which the wife dragged out the tartan jacket & bow - tie for .",-0.2599739306,0,0,0,0,0,0,0,0,0,0,4,0,0,0,0,0,0,0,0,1,0.0161,2,0.0323,1,0.0161,0,0,0,0,0,0,5,0.0806,1,0.0161,0,0,0.4167,indicative,0,0,0,0,0,0,0.75,52,0.0258,62
im always watchin my tl i know . i wanna be on the team doe,-0.274107725,0,0,0,0,0,0,0,0,0,0,-1.1,0,0,0,0,0,0,0,0,0,0,2,0.1333,0,0,1,0.0667,0,0,0,0,1,0.0667,0,0,0,0,0.55,indicative,0,0,0,0,0,0,0,14,0,15
"i wanna throw this phone but i am not stupid lmao my cousins be freezing up too , turn your phone off thn it should work again .",-0.3352026517,0,0,0,0,0,0,0,0,0,0,7.5,0,0,0,0,0,0,0,0,2,0.0741,3,0.1111,0,0,0,0,1,0.037,1,0.037,2,0.0741,0,0,0,0,0.2188,imperative,0,0,0,0,0,0,1,25,-0.2858,27
"im getting spammed by everytime i listen to a song by it conecting to my fb . how do i remove this ? ahhh the unpleasant side of social marketing . this is * not * how it works , is it ? ! ?  hey why are you paying too much for your website ? <url>",-0.3518085835,0,0,0,0,0,0,0,0,0,0,3.3,0,0,0,0,0,0,1,0.0196,3,0.0588,5,0.098,3,0.0588,0,0,2,0.0392,0,0,6,0.1176,0,0,1,0.0196,0.25,indicative,0,0,0,0,0,0,0.4056,42,-0.6544,51
"i hate when girls try and run game on a nigga , makes me feel like a bitch thats because you are i will destroy you jenifer ! lies ! you 'll destroy yourself for me",-0.3777849142,0,0,0,0,0,0,0,0,0,0,4.8,0,0,0,0,0,0,1,0.0303,1,0.0303,3,0.0909,2,0.0606,0,0,3,0.0909,0,0,2,0.0606,0,0,0,0,0.65,conditional,0,0,0,0,0,0,0.65,27,-0.9467,33
"come to "" djeu primal atlanta "" thursday , april <number> from <number> <number> pm to <number> <number> am . <url> can 't wait for thursday bro ! looking foward to it homie u need to come hard !",-0.3941409563,0,0,0,0,0,0,0,0,0,0,4,0,0,0,0,0,0,0,0,0,0,2,0.0426,0,0,0,0,0,0,1,0.0213,6,0.1277,0,0,0,0,0.25,indicative,0,0,0,0,0,0,0.5417,27,-0.2462,47
don 't date me . i 'm freaky . i could make an obese chick lose <number> + pounds in <number> week of love making everything about that last tweet is just so wrong ! ! ! lol,-0.3962761027,0,0,0,0,0,0,0,0,0,0,2.5,0,0,0,0,0,0,1,0.027,3,0.0811,2,0.0541,2,0.0541,0,0,1,0.027,1,0.027,3,0.0811,0,0,0,0,0,imperative,0,0,0,0,0,0,0.5667,33,-0.4193,37
ff can 't you follow me back ?,-0.411590855,0,0,0,0,0,0,0,0,0,0,-3.4,0,0,0,0,0,0,0,0,1,0.1429,1,0.1429,0,0,0,0,0,0,0,0,0,0,0,0,0,0,0,indicative,0,0,0,0,0,0,0,7,0.4215,7
the oscars are just the avn awards for people who didn 't get molested . i 'm unconvinced that the greater part of the oscar nominees escaped molestation . i suspect the real diff is good skin .,-0.4458678511,0,0,0,0,0,0,0,0,0,0,4,0,0,0,0,0,0,0,0,1,0.0286,2,0.0571,0,0,0,0,0,0,0,0,2,0.0571,0,0,0,0,0.4167,indicative,0,0,0,0,0,0,0.4667,30,-0.296,35
"i am <url> omg no youre not , everyones beautiful . dans l 'intrieur maybe . but outside nope . yes , its just a perception that makes everyone look that way or not . but i am ugly . you 're not gavin . but i am gavin . you should have said "" no you 're not , gavin "" haha no you 're not ugly , gavin . yes i am , nothing you nor anyone else says can change my view about that .",-0.5278365399,0,0,0,0,0,0,0,0,0,0,2.9,0,0,0,0,0,0,0,0,3,0.0395,8,0.1053,2,0.0263,0,0,5,0.0658,1,0.0132,2,0.0263,2,0.0263,0,0,0.25,conditional,0,0,0,0,0,0,0.67,48,-0.8466,76
what does it mean ? hmmmm . it means that it 's all my fault,-0.5687789863,0,0,0,0,0,0,0,0,0,0,-3.8,0,0,0,0,0,0,0,0,0,0,1,0.0833,0,0,1,0.0833,0,0,0,0,0,0,0,0,0,0,0.25,indicative,0,0,0,0,0,0,0.6875,10,-0.4019,12
michael buble is killing me . the things i do for my missus . as per the tooheys ad that 's a several cases of beer activity,-0.6584162268,0,0,0,0,0,0,0,0,0,0,2.9,0,0,0,0,0,0,0,0,0,0,2,0.0833,0,0,0,0,1,0.0417,0,0,3,0.125,0,0,0,0,0.25,indicative,0,0,0,0,0,0,0,23,-0.6597,24
going to my grandparents house . see ya later bitches . i miss you like shit .,-0.6950291105,0,0,0,0,0,0,0,0,0,0,1.3,0,0,0,0,0,0,0,0,0,0,0,0,0,0,0,0,0,0,0,0,1,0.0714,0,0,0,0,0.25,indicative,0,0,0,0,0,0,0.4,14,-0.765,14
ahaa not if you wanted it that bad . not that bad . just a good amount . doesn 't make sense . aha,-0.9407728674,0,0,0,0,1,0.05,0,0,1,0.05,-0.7,0,0,0,0,0,0,0,0,1,0.05,0,0,1,0.05,0,0,1,0.05,2,0.1,0,0,1,0.05,0,0,-0.25,indicative,0,0,0,0,0,0,0.6444,17,-0.6249,20
0,22.6785714811,0,0,0,0,23,0.3728,2,0.0945,2,0.0744,472.5,1,0.0123,0,0,99,2.1985,47,0.7814,382,7.3585,492,9.4197,93,1.7204,52,1.0269,303,5.4992,98,1.9938,601,11.7568,114,2.1671,15,0.2531,74.0845,0,0,0,0,0,0,0,75.5579,5746,65.4723,7690
0,0.1511904765,0,0,0,0,0.1533333333,0.0024853333,0.0133333333,0.00063,0.0133333333,0.000496,3.15,0.0066666667,0.000082,0,0,0.66,0.0146566667,0.3133333333,0.0052093333,2.5466666667,0.0490566667,3.28,0.062798,0.62,0.0114693333,0.3466666667,0.006846,2.02,0.0366613333,0.6533333333,0.013292,4.0066666667,0.0783786667,0.76,0.0144473333,0.1,0.0016873333,0.4938966667,0,0,0,0,0,0,0,0.5037193333,38.3066666667,0.436482,51.2666666667
