sentences,bias,subjectivity,vader,flesch-kincaid
i don 't know how to explain it,-0.170820825,0.0,0.0,-1.8
 i 'm sorry ! ! ! ! ! ! !,-0.16493732808,1.0,-0.3544,-3.8
i 'm not going to bed  i 'm going to bed . i 'm going to bed now .,-0.0417122,0.0,0.0,-4.2
yes ! ! ! ! ! ! !,0.16520448657,0.0,0.5951,-4.6
 i 'm sure it was a good idea but i 'm sure it 'll be a good day .,0.12663712385,0.7444,0.8555,2.1
that 's what i 'm saying .,-0.429038075,0.0,0.0,-6.2
thanks,0.11141518828,0.2,0.4404,-4.6
i don 't know what you 're talking about  but i 'm sure you 'll find out if you like it .,-0.24772837267,0.8889,0.7351,3.2
awwwwwwwwwwwwwwwwwwwwwwwwwwwwwwwwwwwwwwwwwwwwwwwwwwwwwwwww,-0.0417122,0.0,0.0,-4.6
 i think it 's a lot of people who don 't know who they are .,0.68937270106,0.0,0.0,0.9
thank you !,0.10428732393,0.0,0.4199,-4.2
 * looks at you curiously *,-0.170820825,1.0,0.0,2.5
sounds like a good day !,0.198201283,0.6,0.69,-0.7
porque no he visto en la fotos de pelcula he tenido un pelicula .,1.14038875562,0.0,-0.296,8.4
i know ! ! ! ! ! ! ! !,-0.170820825,0.0,0.0,-4.2
no  i don 't know . i don 't know how to do that .,-0.2737402322,0.0,-0.296,-3.8
i 'm sorry  i didn 't mean to upset you .,-0.19483958828,0.8438,-0.4404,-1.1
i am  i am,-0.0417122,0.0,0.0,-3.4
what do you mean ?,-0.0417122,0.6875,0.0,-3.4
omg ! i just got a free pizzahut coupon ! get yours before its to late <url>,0.16593465804,0.7,0.5972,2.5
i 'm sure you 'll find it .,-0.09705588556,0.8889,0.3182,-3.4
sounds like you 're having a good day .,0.18766595179,0.6,0.6597,0.5
haha l,0.11781288116,0.3,0.4588,-4.2
happy easter to you too !,0.17087200798,1.0,0.6114,1.7
<number>,-0.0417122,0.0,0.0,6.0
that 's what i thought . i think it 's because they don 't have a problem with it .,0.08252581992,0.0,-0.4019,-0.3
i don 't know what you 're talking about .,-0.170820825,0.0,0.0,-0.3
that 's what i 'm talking about .,-0.0417122,0.0,0.0,-2.2
 i 'm not sure if i 'm going to be able to resist .,-0.04712021866,0.7569,-0.2411,1.3
you are jb fan right ? we must help him one vote  so check here <url> pls rt,0.9208620962,0.5357,0.6486,-0.7
 i 'm so jealous ! ! ! ! ! !,-0.27338517641,0.0,-0.6663,-3.4
 i 'm not sure if i 'm going to be able to see it  but i think i might be able to see it .,0.14103772259,0.713,-0.1232,4.4
that 's what she said .,1.65974665,0.0,0.0,-5.4
that 's what 's up ! ! ! ! ! ! !,-0.0417122,0.0,0.0,-7.7
that 's what i 'm thinking ! ! !,-0.29992945,0.0,0.0,-3.8
follow me and i 'll follow you back !,-0.170820825,0.0,0.0,-0.7
whaddup ?,-0.0417122,0.0,0.0,6.0
what was it about ?,-0.0417122,0.0,0.0,-1.0
haha ja he ! ! ! ! ! ! !,2.96318490854,0.3,0.6331,-0.3
lol . i don 't know why . but i think it 's cute .,0.01135327922,0.85,0.7096,-3.8
well  i don 't know why they don 't deserve it . they don 't deserve it . they don 't deserve it .,1.11812035505,0.0,0.2732,-1.1
i 'm sorry x,-0.06855469404,1.0,-0.0772,-5.8
i can 't do it ! ! ! !,-0.5581467,0.0,0.0,-5.4
hey ! ! ! !,-0.0417122,0.0,0.0,-4.6
lol ! ! ! ! ! ! ! ! ! !,0.16979413581,0.7,0.6083,-4.6
<minor_speaker> you 're welcome,0.11781288116,0.9,0.4588,7.2
where you at ?,-0.0417122,0.0,0.0,-0.3
<number>  <number>  <number>  <number>  <number>  <number>  <number>  <number>  <number>  <number>  <number>  <number>  <number>  <number>  <number>  <number>  <number>  <number>  <number>  <number>  <number>  <number>  <number>  <number>  <number>  <number>  <number>  <number>  <number>  <number>  <number>  <number>  <number>  <number>  <number>  <number>  <number>  <number>  <number>  <number>  <number>  <number>  <number>  <number>  <number>  <number>  <number>  <number>  <number> ,-0.0417122,0.0,0.0,24.8
thank you so much ! i 'm glad you like it !,0.24816587359,1.0,0.8337,-3.0
i just got em from <number> . <number>,-0.0417122,0.0,0.0,1.3
oh my god ! ! ! ! ! ! ! ! ! ! ! ! !,-0.25334491129,0.0,0.5053,-3.8
you going to the concert ?,-0.0417122,0.0,0.0,-0.7
i got it,-0.0417122,0.0,0.0,-3.8
lol ! ! ! ! ! ! ! ! ! ! ! !,0.16979413581,0.7,0.6083,-4.6
what do you want ?,0.75391851904,0.0,0.0772,-3.4
<at>,-0.0417122,0.0,0.0,-4.6
lol so what 's up ?,0.10484364505,0.7,0.4215,-5.4
okay  i 'll see you tomorrow .,-0.09213615659,0.5,0.2263,0.9
yeah  i 'm going to bed now . i 'll talk to you tomorrow .,-0.0679014178,0.0,0.296,-2.6
lol ! ! ! ! ! ! ! ! !,0.16979413581,0.7,0.6083,-4.6
that 's wassup ! ! ! ! ! ! ! ! ! !,-0.0417122,0.0,0.0,-3.8
thanks for the mention !,0.12956516482,0.2,0.4926,-1.0
yea i heard he was good tho,0.91803866209,0.6,0.4404,-2.2
if you 're interested  i 'll send you the link .,0.99430377633,0.5,0.4019,1.3
i don 't even know what you 're talking about .,-0.170820825,0.0,0.0,1.3
that 's what i 'm saying .,-0.429038075,0.0,0.0,-6.2
haha . i 'm sure you 'll find out soon .,-1.83042959706,0.5944,0.6486,-1.5
yes ! ! ! ! ! ! !,0.16520448657,0.0,0.5951,-4.6
you 're welcome ! hope you have a great day ! x,1.29333373342,0.825,0.8906,0.5
thank you so much ! glad you enjoyed it !,0.25887505515,0.85,0.8645,-2.2
you are the best ! ! ! !,1.65282371374,0.3,0.7482,-1.0
that 's not the point . i 'm not sure if i 'm going to be able to live in the uk or not .,-0.16040907522,0.6713,-0.2411,-0.7
oh . sorry . i didn 't know you had a twitter account .,-0.19766331904,1.0,-0.0772,1.7
you know what i 'm talking about ! ! ! ! ! !,-0.170820825,0.0,0.0,-1.1
i want a car,0.75391851904,0.0,0.0772,-3.4
i don 't know what you 're talking about .,-0.170820825,0.0,0.0,-0.3
i sent you a request .,-0.0417122,0.0,0.0,-0.7
oh  i see . well  i don 't know how to do it  but i 'm sure it 'll be worth it .,0.0743081685,0.4944,0.705,-2.2
* smiles and nods * yup .,0.12403672369,0.0,0.4767,-1.0
what the fuck is he doing ?,1.16253136502,0.6,-0.5423,-2.6
lol i was just about to say that .,-0.28248222995,0.7,0.4215,-0.7
 i 'm not going to lie .,-0.0417122,0.0,0.0,-3.8
if you don 't know how to do it  i 'm sure you 'll find a way to do it .,0.42379562454,0.8889,0.3182,1.7
oh i know ! ! ! ! ! ! ! ! ! xx,-0.170820825,0.0,0.0,-5.8
that 's what 's up ! ! ! ! ! ! ! ! ! !,-0.0417122,0.0,0.0,-7.7
if he 's not the only one who doesn 't want to see him  he 's not a big fan of him .,2.03060370205,0.55,-0.1685,3.6
good luck with the exam !,2.44976933915,0.6,0.7345,-0.7
i 'm not sure if i 'll be able to get it .,0.4832953875,0.7569,-0.2411,-0.3
that 's a good idea . i 'm sure you 'll find a way to find a way to do it .,-0.00674612212,0.7444,0.6369,-1.1
i 'm sure you 'll find it hilarious ! ! !,0.03826922688,0.9444,0.7074,-0.7
 i 'm sorry . i 'm sorry . i 'm sorry .,-0.12039686841,1.0,-0.2263,-3.8
aww that sucks xx,-0.16730169284,0.3,-0.3612,-5.8
well then you have to go back to school and have a look at it .,0.05327963124,0.0,0.2732,2.1
that 's what i 'm saying . i 'm not sure if i 'm going to be able to go to the <number> th or <number> th .,-0.10810500032,0.7569,-0.2411,-1.1
thanks for the link !,0.12956516482,0.2,0.4926,-3.4
what are you talking about ?,-0.0417122,0.0,0.0,2.9
i miss you too !,-0.11973623708,0.0,-0.2244,-3.4
you 're welcome & lt <number>,0.11781288116,0.9,0.4588,1.7
lol ! ! ! ! !,0.16979413581,0.7,0.6083,-4.6
what do you want to know ?,0.54088056322,0.0,0.0772,-2.6
thanks for the link . i 'll check it out .,-0.01769343672,0.2,0.4404,-4.6
where did you go ?,-0.0417122,0.0,0.0,-1.0
- _ _ _ _ _ _ _ _ _ _ _ -,-0.170820825,0.0,0.0,0.0
you like it ?,0.08387729284,0.0,0.3612,-0.3
that 's why i love you !,0.19110818872,0.6,0.6696,-2.6
thanks for the ff !,0.20783259239,0.2,0.7177,-5.8
i 'm not sure i 'm going to be able to see it  but i don 't know how to do it  but i 'm not sure if it 's worth it,-0.08425775325,0.6257,-0.1466,6.3
i want <number>,0.47105224904,0.0,0.0772,-0.3
i don 't know what you 're talking about .,-0.170820825,0.0,0.0,-0.3
how much is it ?,-0.0417122,0.2,0.0,-3.4
i 'm going to try and find a way to make it .,0.1780080485,0.0,0.0,-0.3
i 'm not sure  but i 'm pretty sure it 's a good idea .,0.14848145914,0.8444,0.7372,1.7
i love it !,0.19110818872,0.6,0.6696,-0.3
i 'm not sure if i should be able to read it .,1.56585555316,0.7569,-0.2411,0.9
 i 'm on my way home .,-0.429038075,0.0,0.0,-2.6
hi there ! how are you ?,-0.0417122,0.0,0.0,1.7
i 'm sure you 'll find someone who doesn 't like you .,-0.00397640817,0.8889,0.5859,0.9
jajajajajajajajajajajajajajajajajajajajajajajajajajajajajajajajajaja,-0.0417122,0.0,0.0,345.9
awwwwwwwwwwwwwwwwwwwwwwwwwwwwwwwwwwwwwwwwwwwwwwwwwwwwwwwwwwwwwwwwwwwwwwwwwwwwwwwwwwwwwwwwwwwwwwwwwwwwwwwwwwwwwwwwwwwwwwwwwww,-0.0417122,0.0,0.0,-4.6
i 'm fine thanks  just got back from work . how are you ?,0.15713783033,0.2333,0.5719,-1.4
i 'm going to have to wait a few days to read it !,0.7128060689,0.1,0.0,0.1
<minor_speaker> you 're welcome .,0.11781288116,0.9,0.4588,9.6
omg ! ! ! ! ! ! !,-0.0417122,0.0,0.0,-4.6
awwwwwwwwwwwwwwwwwwwwwwwwwwwwwwwwwwwwwwwwwwwwwwwwwwwwwwwwwwwwwwwwwwwwwwwwwwwwwww,-0.0417122,0.0,0.0,-4.6
lol ! ! ! ! ! ! ! ! ! ! ! ! !,0.16979413581,0.7,0.6083,-4.6
i 'm good  thanks . how are you ?,0.20178260021,0.4,0.7003,-3.8
i 'm not sure what you are talking about .,-0.83564027627,0.8889,-0.2411,2.1
i 'm sure it will be a good day .,0.05062975083,0.7444,0.6369,-1.5
you 're welcome d,0.11781288116,0.9,0.4588,-1.0
i miss you too ! ! !,-0.16552841927,0.0,-0.3561,-3.4
yes ! ! ! !,0.16520448657,0.0,0.5951,-4.6
i know ! ! ! !,-0.170820825,0.0,0.0,-4.2
i love you guys .,0.17973837583,0.6,0.6369,-1.0
i know !,-0.170820825,0.0,0.0,-4.2
japanese  japanese  japanese  japanese  japanese  japanese  japanese  japanese  japanese  japanese  japanese  japanese  japanese  japanese  japanese  japanese  japanese  japanese  japanese,-0.0417122,0.0,0.0,34.3
hey  i just finished watching <number> am number four on moviepoint . try googling it . it worked for me .,0.92036021904,0.0,0.0772,3.3
do you know ? you can get paid from wirless bills and legally get your cell service free like me  call <number> - <number> - <number>,-0.10888897793,0.5,0.7351,4.0
i 'll send it to you tomorrow . thanks .,-0.01769343672,0.2,0.4404,-0.7
i miss you !,-0.11973623708,0.0,-0.2244,-3.8
lol . i 'm trying to figure out how to use it .,0.62638648555,0.7,0.4215,1.7
hope you feel better soon !,2.89266469841,0.5,0.7263,1.7
i think it 's time to go to the market .,-0.29992945,0.0,0.0,0.1
i know ! ! ! ! ! ! !,-0.170820825,0.0,0.0,-4.2
i can 't wait to see you guys ! i 'm so excited to see you guys !,-0.16563373217,0.75,0.5719,-1.8
yes  he is .,2.8827965067,0.0,0.4019,-3.8
 i 'm not sure where you live .,-0.83564027627,0.6944,-0.2411,1.3
 i 'm not sure yet  but i 'm not sure if i 'll be able to see it  but i 'm sure it 'll be a good day,0.05984553777,0.7783,-0.1323,5.9
you 're welcome !,0.13537176651,0.9,0.5093,3.3
shyt i 'm bout to go to skool,-0.0417122,0.0,0.0,-3.0
<url> - mail me at nicehornygirl at hotmail . com i got lots of sexy pics i am just dying to show off .,0.61313476094,1.0,0.5267,2.5
i don 't know how to do it ! ! ! ! ! !,-0.170820825,0.0,0.0,-3.0
i 'm glad you like it . d,0.19142111935,1.0,0.6705,-3.4
laying down watching tv . you ?,-0.0417122,0.2889,0.0,-3.0
me too . i think it 's a new one . i don 't like the new one .,-0.10978564466,0.4545,0.3612,-0.7
thank you !,0.10428732393,0.0,0.4199,-4.2
yeah  i think it 's a good idea . i 'm sure it 'll be a good thing .,0.08851197803,0.6963,0.8519,-3.0
what time is it ?,-0.0417122,0.0,0.0,-1.0
i was thinking the same thing .,-0.29992945,0.125,0.0,0.9
hi . i 'm fine  thanks . how are you ?,0.15713783033,0.35,0.5719,-2.2
lol ! ! ! ! ! ! ! !,0.16979413581,0.7,0.6083,-4.6
it is . i don 't want to go to school tomorrow .,-0.1461619521,0.0,0.0772,0.5
yeeeah .,-0.0417122,0.0,0.0,-4.6
i love you too ! ! ! ! ! !,0.21843746374,0.6,0.7482,-1.0
 i 'm going to try and find out how to cook a bit of melvin .,-1.02685305016,0.0,0.0,0.9
i can 't wait to see you !,-0.429038075,0.0,0.0,-3.4
what are you talking about ?,-0.0417122,0.0,0.0,2.9
what 's the score ?,-0.0417122,0.0,0.0,-3.4
love it ! ! !,0.21033603743,0.6,0.7249,1.7
i love you .,0.17973837583,0.6,0.6369,-0.3
i 'll try to make it happen,0.6490743555,0.0,0.0,-1.1
you 're right .,-0.0417122,0.5357,0.0,-3.8
 <at>,-0.0417122,0.0,0.0,-4.6
no prob ! ! ! ! ! ! ! ! ! ! ! !,-0.22307288512,0.0,-0.5216,-4.2
thank you so much !,0.10428732393,0.2,0.4199,-3.4
you 're welcome ! i 'm glad you like it !,0.25160811052,0.95,0.8436,-1.0
thanks  i 'll check it out  thanks .,0.07267397521,0.2,0.7003,-3.4
hit me up,-0.0417122,0.0,0.0,-3.8
rt if you don 't care about what you want  you don 't know what you 're talking about . you don 't deserve it .,0.42244974998,0.0,0.5423,0.9
true . but there are many many reasons .,-0.22124478159,0.55,0.2263,4.8
hey  i just got an ipad <number> on <url> ! i suggest you to hurry up and take yours too !,-0.29992945,0.0,0.0,0.9
lmao ! ! ! ! ! ! ! ! !,0.21012741701,1.0,0.7243,-4.6
i love you too .,0.17973837583,0.6,0.6369,-1.0
it 's a sad sad sad sad sad sad sad sad sad face .,-0.38231980572,1.0,-0.9796,0.1
hey ! how are you today ?,-0.0417122,0.0,0.0,1.7
lol ! ! ! ! !,0.16979413581,0.7,0.6083,-4.6
that 's what i 'm going to do !,-0.0417122,0.0,0.0,-4.2
i don 't think so .,-0.0417122,0.0,0.0,-5.4
thanks for the ff ! have a great weekend !,0.26621153992,0.475,0.8856,-2.2
i love it ! ! !,0.21033603743,0.6,0.7249,-0.3
why ?,-0.0417122,0.0,0.0,-4.6
how was your day ?,-0.0417122,0.0,0.0,-3.4
i don 't want to be a part of it .,-0.09468029096,0.0,0.0772,-2.2
hope you 're having a great day !,1.05861243291,0.75,0.807,1.3
autumn is the best thing i 've ever heard .,0.42985375033,0.3,0.6369,0.9
i thought you were the only one .,-0.25691045615,1.0,0.0,2.5
i don 't know if i 'm going to the club or not,1.10027959196,0.0,0.0,-1.1
i 'm not sure if i want to but i don 't know if i can read it or not,1.35342099673,0.8889,-0.1511,2.8
southpark,-0.0417122,0.0,0.0,6.0
haha  you 're welcome,0.20807598288,0.6,0.7184,2.5
what school you go to ?,-0.0417122,0.0,0.0,-3.0
that 's what i was thinking ! ! ! ! ! ! ! ! !,-0.29992945,0.0,0.0,-2.6
haha ! ! ! ! ! ! ! ! ! !,0.17841711317,0.3,0.6331,6.0
<at>,-0.0417122,0.0,0.0,-4.6
 i love you & lt <number>,0.17973837583,0.6,0.6369,-0.7
if you have a link to your website  i 'll send it to you .,0.56130312966,0.0,0.0,1.7
oh dear . i 'm sure you 'll find a way to do it .,0.00071755128,0.8889,0.5994,-1.1
you 're such a loser .,-0.22484615869,0.5,-0.5267,-0.7
yes ! ! ! ! !,0.16520448657,0.0,0.5951,-4.6
thanks for the ff love !,0.26443826635,0.4,0.8805,-3.0
i know what you mean .,-0.170820825,0.6875,0.0,-3.0
i miss you,-0.09494517717,0.0,-0.1531,-3.8
* rolls eyes *,-0.0417122,0.0,0.0,-4.2
it 's <number> <number> am here .,-0.0417122,0.0,0.0,0.9
rt rt rt if you want a cookie .,1.32848245654,0.0,0.0772,-4.2
it 's been a while since i 've been here .,-0.0417122,0.0,0.0,1.3
i can 't believe you ! ! !,-0.47205706885,0.0,0.0,-0.7
i 'm glad i 'm not the only one who doesn 't want to see them .,0.67592037117,1.0,0.5106,0.1
i know right ! ! ! !,-0.170820825,0.5357,0.0,-3.8
"""hey  i just finished watching it . look into googling """" moviepoint """" if you are interested in watching it online for free .""",0.54551693683,0.65,0.7184,6.0
i don 't wanna talk to you anymore .,-0.0417122,0.0,0.0,1.7
thank you,0.08387729284,0.0,0.3612,-4.2
shut up,-0.0417122,0.0,0.0,-4.2
 i 'm trying to figure out what to do . i 'm trying to figure out how hard it is .,0.52674242661,0.5417,-0.1027,-0.3
me too . i hate her .,1.43046554967,0.9,-0.5719,-0.7
i 'm watching the same exact same thing,-0.0417122,0.1667,0.0,1.7
rt if you don 't have a problem  you can 't do it . & lt & gt & gt & gt & gt & gt & gt & gt & gt & gt & gt <at>,0.03249172664,0.0,0.9231,-5.0
rt rt if you 're hungry as hell . & gt & gt & gt & gt & gt & gt & gt & gt & gt & gt & gt & gt & gt & gt & gt & gt & gt & gt & gt & gt <at>,0.49952290826,0.0,0.9786,-7.8
i don 't know . i haven 't been able to watch it since i was <number> . i have no idea what it is .,-0.1446316072,0.625,-0.296,0.1
i can 't wait to see it !,-0.429038075,0.0,0.0,-3.4
yes i am,0.09802871133,0.0,0.4019,-3.8
thanks for the rt !,0.12956516482,0.2,0.4926,-5.8
what 's the name of it ?,-0.0417122,0.0,0.0,-2.6
thanks for the rt ! i 'm going to try to find a way to find a way to find a way to find a way to find a way to find a job .,0.04519552832,0.2,0.4926,0.1
yay ! ! ! ! !,0.19388979432,0.0,0.6776,-4.6
yes  i think it is .,0.09802871133,0.0,0.4019,-3.0
you know what i mean ?,-0.170820825,0.6875,0.0,-3.0
i don 't know what you 're talking about .,-0.170820825,0.0,0.0,-0.3
"""hey  i just finished watching it . look into googling """" moviepoint """" if you are interested in watching it online for free .""",0.54551693683,0.65,0.7184,6.0
 i agree with you ! ! ! !,0.15553840711,0.0,0.5673,-1.0
oh my god ! ! ! ! ! ! ! ! ! ! ! !,-0.25334491129,0.0,0.5053,-3.8
i don 't know what you 're talking about .,-0.170820825,0.0,0.0,-0.3
okaaay  ill follow you back xx,-0.18826804505,0.5,-0.4215,-0.3
that 's awesome ! i 'm glad you 're enjoying the weather here too .,0.26965377685,0.8667,0.8955,0.9
it 's <number> <number> am here .,-0.0417122,0.0,0.0,0.9
go to sleep ! ! !,-0.0417122,0.0,0.0,-3.8
<url>,-0.0417122,0.0,0.0,-4.6
i 'm about to go to the store and buy a new one lol,-0.02426497995,0.5773,0.4215,1.7
i 'm sorry  but i don 't understand what you 're talking about . i don 't know how to respond .,-0.18427684209,1.0,-0.0387,0.1
yeah  i think it 's a good idea . i 'm going to have to check it out .,-0.08265128257,0.6,0.6249,-1.8
heeeyy ! i 'm good thanks how are you ? x,0.21082281841,0.4,0.7263,-2.6
i love that song !,0.19110818872,0.6,0.6696,-1.0
don 't worry i 'm not the only one ! ! ! ! ! !,-0.38670818963,1.0,-0.6209,-0.3
thanks for the shout out !,0.12956516482,0.2,0.4926,-3.0
lol why ?,0.10484364505,0.7,0.4215,-4.2
i hate it when my phone calls me when i go to sleep .,-0.62788810533,0.9,-0.5719,1.3
i love you toooo & lt <number>,0.17973837583,0.6,0.6369,-0.3
that 's why i love you !,0.19110818872,0.6,0.6696,-2.6
lol i don 't know what you talking about,-0.02426497995,0.7,0.4215,-0.3
thank you !,0.10428732393,0.0,0.4199,-4.2
i 'm in the same boat . i 'm not going to lie to you .,-0.0417122,0.125,0.0,-3.4
<at>,-0.0417122,0.0,0.0,-4.6
no i don 't .,-0.1446316072,0.0,-0.296,-5.8
fasho fasho fasho,-0.0417122,0.0,0.0,6.8
i 'm not the only one who thinks that . lol .,-0.1103546111,0.85,0.4215,0.1
lol ! ! ! ! ! ! ! !,0.16979413581,0.7,0.6083,-4.6
i 'm good thanks  just got home from work . how 's your day going ?,0.20178260021,0.4,0.7003,-3.4
where you at ?,-0.0417122,0.0,0.0,-0.3
what are you talking about ?,-0.0417122,0.0,0.0,2.9
drinking beer and drinking beer and drinking beer .,-0.0417122,0.0,0.0,1.7
lol ! ! ! ! ! ! ! !,0.16979413581,0.7,0.6083,-4.6
yeah i know ! ! ! ! ! ! ! ! ! ! ! ! ! !,0.01053986012,0.0,0.5216,-3.8
lol . i 'm not sure if it 's a good thing or not .,0.68641164948,0.7296,0.5773,-1.1
<at>,-0.0417122,0.0,0.0,-4.6
that 's what i 'm talking about ! ! !,-0.0417122,0.0,0.0,-2.2
i agree with you on that one .,-0.04523133216,0.0,0.3612,1.3
<at>,-0.0417122,0.0,0.0,-4.6
thank you !,0.10428732393,0.0,0.4199,-4.2
that 's what i 'm talking about .,-0.0417122,0.0,0.0,-2.2
 <at>,-0.0417122,0.0,0.0,-4.6
not yet  but i 'll try to find a new one .,0.3138485922,0.4545,0.0,-0.7
& lt & gt & gt & gt & gt & gt & gt & gt & gt & gt & gt & gt,0.28943794668,0.0,0.9524,-9.7
lmao ! ! ! ! ! ! !,0.21012741701,1.0,0.7243,-4.6
yeah i know  i was just thinking about it  but i don 't know how to do it  i don 't know what to do xx,-0.14986500408,0.0,0.1531,5.2
 why ?,-0.0417122,0.0,0.0,-4.6
thanks for the mention !,0.12956516482,0.2,0.4926,-1.0
yu already know ! !,-0.170820825,0.0,0.0,3.3
& lt & lt & lt & lt & lt & lt & lt & lt & lt & lt & lt & lt & lt & lt & lt,-0.0417122,0.0,0.0,-8.6
lol ! ! ! ! ! ! ! ! ! ! !,0.16979413581,0.7,0.6083,-4.6
<at>,-0.0417122,0.0,0.0,-4.6
what are you talking about ?,-0.0417122,0.0,0.0,2.9
i know ! ! ! ! ! ! !,-0.170820825,0.0,0.0,-4.2
you know what i 'm talking about .,-0.170820825,0.0,0.0,-1.1
well i 'm going to bed now . i need to go to bed . i need to go to bed .,0.64899599586,0.0,0.2732,-2.6
thanks for the heads up . hope you have a great weekend !,1.19651204056,0.475,0.8805,-0.7
what are you wearing ?,-0.0417122,0.0,0.0,2.5
lmaooooooooooo ! ! ! ! ! !,-0.0417122,0.0,0.0,-4.6
i love it !,0.19110818872,0.6,0.6696,-0.3
i don 't know if i can handle it  but i think it would be a good idea .,0.48038694623,0.6,0.5927,3.2
that 's what i 'm talking about .,-0.0417122,0.0,0.0,-2.2
<minor_speaker> <at>,-0.0417122,0.0,0.0,12.3
what do you mean ?,-0.0417122,0.6875,0.0,-3.4
thank you so much !,0.10428732393,0.2,0.4199,-3.4
i thought you were talking about cody simpson ?,-0.29992945,0.0,0.0,5.2
the tiger tiger is tiger .,-0.0417122,0.0,0.0,2.9
oh i know ! ! ! ! ! ! ! !,-0.170820825,0.0,0.0,-3.8
jb need you vote for him  you also have the opportunity to win ipod touch <number> g  click here - & gt <url> pls rt,0.80269262399,0.4,0.8402,6.4
thank you !,0.10428732393,0.0,0.4199,-4.2
i don 't think it 's a good idea !,-0.12865208518,0.6,0.4926,-2.6
i 'm glad you like it ! i think it 's a great idea .,0.00319602026,0.875,0.8718,-2.6
hope you 're feeling better soon !,2.37339907781,0.5,0.7644,2.1
i don 't think so . i don 't think so .,-0.0417122,0.0,0.0,-5.4
it does suck,-0.19483958828,0.0,-0.4404,-3.8
me too ! ! !,-0.0417122,0.0,0.0,-4.2
thank you so much !,0.10428732393,0.2,0.4199,-3.4
awwwwwwwwwwwwwwwwwwwwwwwwwwwwwwwwwwwwwwwwwwwwwwwwwwwwwwwwwwwwwwwwwwwwwwwwwwwwwwwwwwwwwwwwwww,-0.0417122,0.0,0.0,-4.6
 that 's what i 'm talking about .,-0.0417122,0.0,0.0,-2.2
that 's what i 'm thinking ! ! !,-0.29992945,0.0,0.0,-3.8
she 's <number>  she 's <number>  <number>  <number>  <number>  <number>  <number>  <number>  <number>  <number>  <number>  <number>  <number>  <number>  <number>  <number>  <number>  <number>  <number>  <number>  <number>  <number>  <number>  <number>  <number>  <number>  <number>  <number>  <number>  <number>  <number>  <number>  <number>  <number>  <number>  <number>  <number>  <number>  <number>  <number>  <number>  <number>  <number>  <number>  <number>  <number> .,0.07776628627,0.0,0.0,24.0
 <at>,-0.0417122,0.0,0.0,-4.6
i 'm sorry . i didn 't mean to . i didn 't mean to upset you .,-0.19483958828,0.7917,-0.4404,-4.2
<at>,-0.0417122,0.0,0.0,-4.6
nothing much  just tweeting you ?,-0.0417122,0.2,0.0,1.7
 that 's what i 'm talking about !,-0.0417122,0.0,0.0,-2.2
 <at>,-0.0417122,0.0,0.0,-4.6
what is it ?,-0.0417122,0.0,0.0,-3.8
the only thing that doesn 't make sense is that he is the only one in the world ! ! ! !,-0.63123391104,1.0,0.0,4.4
thanks for the ff,0.19847944356,0.2,0.6908,-5.8
i love you .,0.17973837583,0.6,0.6369,-0.3
<url> - mail me at nicehornygirl at hotmail . com i got lots of sexy pics i am just dying to show off .,0.61313476094,1.0,0.5267,2.5
hope you feel better soon !,2.89266469841,0.5,0.7263,1.7
i know ! ! ! ! !,-0.170820825,0.0,0.0,-4.2
 i miss you ! ! !,-0.16552841927,0.0,-0.3561,-3.8
that 's what i 'm saying .,-0.429038075,0.0,0.0,-6.2
lol ! ! ! ! ! ! ! ! !,0.16979413581,0.7,0.6083,-4.6
where u at ?,-0.0417122,0.0,0.0,-0.3
what ?,-0.0417122,0.0,0.0,-4.6
i hope you feel better soon * hugs you *,1.46223824314,0.5,0.8402,0.5
i know right ! ! ! ! ! ! ! ! ! !,-0.170820825,0.5357,0.0,-3.8
that 's what i 'm saying .,-0.429038075,0.0,0.0,-6.2
can 't wait to see you !,-0.429038075,0.0,0.0,-3.8
i think it 's a good idea . i think it 's a good idea .,-0.05643464979,0.6,0.7003,-2.2
good evening to you too !,0.12956516482,0.6,0.4926,1.7
 i 'm sure he 'll find it .,1.09689346325,0.8889,0.3182,-3.4
hope you 're having a great day !,1.05861243291,0.75,0.807,1.3
oh no  i 'm sorry . i 'm not the only one who doesn 't like them . i don 't know what they 're saying .,0.42187534537,1.0,0.0,-1.8
yay ! ! ! ! ! ! ! ! ! ! ! !,0.19388979432,0.0,0.6776,-4.6
omg ! ! ! ! ! ! ! ! ! ! ! !,-0.0417122,0.0,0.0,-4.6
thank you so much ! i 'm glad you like it !,0.24816587359,1.0,0.8337,-3.0
i love it ! ! !,0.21033603743,0.6,0.7249,-0.3
 bro ! ! ! ! ! ! ! !,-0.0417122,0.0,0.0,-4.6
follow me back please ?,0.06892616274,0.0,0.3182,2.5
not yet  but i think it 's a good idea .,-0.09384724511,0.6,0.5927,-1.1
thank you ! i 'll check it out !,-0.00608023334,0.0,0.4738,-3.4
there 's a lot of people who don 't like it .,0.54352844284,0.0,0.3612,0.5
lol  what kind of music do you like ?,0.18380647402,0.8,0.6486,0.5
<at>,-0.0417122,0.0,0.0,-4.6
lol . i 'm not sure . i 'm going to try to find a way to make sure i 'm not mistaken .,-0.02171161421,0.8259,0.2467,0.1
i miss you too,-0.09494517717,0.0,-0.1531,-3.4
i 'm here ! ! ! ! ! ! !,-0.0417122,0.0,0.0,-3.8
i didn 't get it .,-0.0417122,0.0,0.0,-5.4
 i can 't wait ! ! ! !,-0.5581467,0.0,0.0,-5.8
* hugs *,0.13001717573,0.0,0.4939,-4.6
lmaoooooooooo u dnt like it,0.08387729284,0.0,0.3612,-3.0
i don 't know how to do it ! ! ! ! ! ! ! !,-0.170820825,0.0,0.0,-3.0
thank you ! ! !,0.14010049603,0.0,0.5229,-4.2
thanks for the link . i 'll check it out .,-0.01769343672,0.2,0.4404,-4.6
i 'm good . how are you ?,0.11141518828,0.6,0.4404,-3.8
o . o,-0.0417122,0.0,0.0,-4.2
i don 't know what she is .,1.02312852381,0.0,0.0,-3.4
yay ! ! ! ! ! ! ! ! !,0.19388979432,0.0,0.6776,-4.6
awwwww ! ! ! ! ! !,-0.0417122,0.0,0.0,-4.6
that 's cool ! ! ! ! ! ! ! ! ! ! ! ! !,0.14514215618,0.65,0.5374,-7.3
i don 't know  but i 'm not sure what to do with it .,-0.48586607687,0.8889,-0.3491,-0.7
- _ _ _ _ _ _ _ _ _ _ _ _ _ _ _ _ _ _ -,-0.170820825,0.0,0.0,0.0
 i 'm fine thank you  how are you,0.13582377742,0.5,0.5106,-0.7
where you at ?,-0.0417122,0.0,0.0,-0.3
you are welcome,0.11781288116,0.9,0.4588,3.3
where u at ?,-0.0417122,0.0,0.0,-0.3
what the hell are you talking about ?,-0.27842683656,0.0,-0.6808,2.5
thank you so much !,0.10428732393,0.2,0.4199,-3.4
that 's what 's up ! ! ! ! ! ! ! ! ! !,-0.0417122,0.0,0.0,-7.7
well i 'm sure u will find a way to do it,-0.02456028961,0.8889,0.5267,-0.3
i didn 't get the chance to go to the hospital  but i 'm not sure if i 'll be able to get it .,0.18279196661,0.7569,-0.2366,5.6
lol ! ! ! ! ! ! ! ! ! ! ! !,0.16979413581,0.7,0.6083,-4.6
yes it is,0.09802871133,0.0,0.4019,-3.8
happy easter to you too !,0.17087200798,1.0,0.6114,1.7
lol i know .,-0.02426497995,0.7,0.4215,-3.8
thanks for the heads up !,0.12956516482,0.2,0.4926,-3.0
i don 't know what you 're talking about . i don 't know what you 're talking about .,-0.170820825,0.0,0.0,-0.3
no  i don 't know . i just don 't know what to say . i don 't know what to do with it .,-0.35982986335,0.0,-0.296,-3.4
me too ! ! !,-0.0417122,0.0,0.0,-4.2
oh ok,0.0612072072,0.5,0.296,-4.2
i don 't know ! ! ! ! ! ! ! ! ! !,-0.170820825,0.0,0.0,-5.8
what is it ?,-0.0417122,0.0,0.0,-3.8
i 'm going to bed at <number> . i have to go to bed at <number> .,-0.0417122,0.0,0.0,-1.1
yeah  it was amazing  i loved it !,0.26443826635,0.85,0.8805,2.5
lol i just got a new call of duty for free ! get yours before it 's too late <url>,0.709647375,0.6386,0.75,-0.3
awww thank you ! & lt <number> xx,0.10428732393,0.0,0.4199,-5.0
i 'm sorry  i didn 't mean to upset you  i 'm sorry  i didn 't mean to upset you .,-0.28520700021,0.8438,-0.7003,2.8
i love you .,0.17973837583,0.6,0.6369,-0.3
oh my god . i 'm so sorry . i hope you 're having a good day .,0.52053618103,0.8,0.764,-1.8
 <at>,-0.0417122,0.0,0.0,-4.6
i think i 'm going to go to the royal wedding next week .,-0.29992945,0.0,0.0,0.1
 i 'm not sure what it is but i think it 's cute .,-0.26100697201,0.9444,0.5452,0.1
 haha well i 'm sure it 'll be worth it if you don 't get it p x,0.68002605182,0.4296,0.8074,0.9
happy easter to you too ^ ^,0.15713783033,1.0,0.5719,1.7
that 's what i 'm talking about .,-0.0417122,0.0,0.0,-2.2
lmao ! ! ! ! ! ! ! ! ! ! ! !,0.21012741701,1.0,0.7243,-4.6
i know ! ! ! ! ! ! !,-0.170820825,0.0,0.0,-4.2
i don 't know yet .,-0.170820825,0.0,0.0,-5.4
i 'm not sure if i 'm going to be able to see it .,0.28380955339,0.7569,-0.2411,0.5
lol ! ! ! ! ! ! ! ! ! !,0.16979413581,0.7,0.6083,-4.6
i don 't know what you 're talking about .,-0.170820825,0.0,0.0,-0.3
ik zou het niet meer .,-0.0417122,0.0,0.0,-3.0
yes ! ! ! ! ! ! ! !,0.16520448657,0.0,0.5951,-4.6
that 's what i 'm talking about ! ! !,-0.0417122,0.0,0.0,-2.2
good luck with that ! ! !,0.73193168369,0.6,0.7767,-3.4
i want to see it ! ! ! ! ! ! ! ! ! !,0.82565213308,0.0,0.3544,-3.0
yeah i agree with u . but i think it 's a good thing to be honest .,0.01028911454,0.75,0.8922,-0.7
i know  i was just thinking the same thing .,-0.2353751375,0.125,0.0,0.9
thanks for the heads up,0.11141518828,0.2,0.4404,-3.0
 i 'm so excited ! ! ! !,0.16489155594,0.75,0.5942,-1.0
thank you for the rt !,0.10428732393,0.0,0.4199,-5.4
 lol yea i did,0.10484364505,0.7,0.4215,-3.4
thank you ! i 'm glad you like it !,0.24399346519,1.0,0.8217,-1.8
i don 't know what you 're talking about .,-0.170820825,0.0,0.0,-0.3
 i 'm going to see harry potter tonight . i 'm going to see harry potter .,-0.170820825,0.0,0.0,0.1
yes  i agree with you .,0.17973837583,0.0,0.6369,-0.7
awwwwwwwwwwwwwwwwwwwwwwwwwwwwwwwwwwwwwwwwwwwwwwwwwwwwwwwwwwwwwwwwwwwwwwwwwwwwwwwwwwwwwwwwwwwwwwwwwww,-0.0417122,0.0,0.0,-4.6
yesssssssss ! ! ! !,-0.0417122,0.0,0.0,-4.6
<minor_speaker> lol ! ! ! ! ! ! !,0.16979413581,0.7,0.6083,12.3
* moaning softly and pulls you closer to me *,-0.07742106189,0.35,-0.1027,1.7
<number> <number> pm,-0.0417122,0.0,0.0,-0.3
that 's what i 'm talking about !,-0.0417122,0.0,0.0,-2.2
the keyboard ?,-0.0417122,0.0,0.0,1.7
you 're welcome !,0.13537176651,0.9,0.5093,3.3
<at>,-0.0417122,0.0,0.0,-4.6
thank you ! ! !,0.14010049603,0.0,0.5229,-4.2
i 'm on my way home now ! ! ! !,-0.429038075,0.0,0.0,-2.2
you guys are going to have a blast !,-0.0417122,0.0,0.0,0.5
right here ! ! ! ! ! ! ! ! ! ! !,-0.0417122,0.5357,0.0,1.7
if you don 't like the new one  i think it 's a new one .,0.62233831,0.4545,0.3612,2.1
yes he is .,2.8827965067,0.0,0.4019,-3.8
i don 't know what i 'm talking about .,-0.170820825,0.0,0.0,-1.5
so what are you up to ?,-0.0417122,0.0,0.0,-0.3
 i 'm not going to do that  but i 'm not sure if i 'll be able to find it .,0.10062425818,0.7569,-0.3491,2.8
oh i see . well i 'm glad you like it !,0.1017765238,1.0,0.784,-3.0
thank you so much for the kind words ! i hope you have a great day !,0.96412002929,0.6167,0.9258,-1.1
"""hey  i just finished watching it . look into googling """" moviepoint """" if you are interested in watching it online for free .""",0.54551693683,0.65,0.7184,6.0
what is it ?,-0.0417122,0.0,0.0,-3.8
i 'm sure he 'll find a way to do it .,0.66242624045,0.8889,0.3182,-1.9
 <url>,-0.0417122,0.0,0.0,-4.6
what do you want ?,0.75391851904,0.0,0.0772,-3.4
what happened to you ?,-0.0417122,0.0,0.0,2.5
i 'm so excited ! ! ! ! ! ! ! ! ! ! !,0.16489155594,0.75,0.5942,-1.0
i 'm glad i 'm not the only one ! lol,0.08171419341,0.9,0.7263,-1.1
if you need a job  try out tinyurl . com baby930 i got it there for free !,2.11795319809,0.8,0.5562,0.5
its ok,0.0612072072,0.5,0.296,-4.2
i 'm sure you 'll find a way to get a new one .,-0.09245961851,0.6717,0.3182,0.1
noooooo ! ! ! ! ! !,-0.0417122,0.0,0.0,-4.6
that 's crazy ! ! ! ! ! ! ! ! ! !,-0.23385160682,0.9,-0.5526,-3.8
i don 't even know what you 're talking about .,-0.170820825,0.0,0.0,1.3
thanks for the rt !,0.12956516482,0.2,0.4926,-5.8
lol why ?,0.10484364505,0.7,0.4215,-4.2
i know ! ! ! ! ! ! ! ! ! !,-0.170820825,0.0,0.0,-4.2
<url> - mail me at nicehornygirl at hotmail . com i got lots of sexy pics i am just dying to show off .,0.61313476094,1.0,0.5267,2.5
if you don 't mind me asking .,1.42356109301,0.0,0.0,-2.2
i don 't know what she was talking about .,0.75743510679,0.0,0.0,-0.3
i don 't know yet . but i 'm sure it 'll be a good day,0.09979462981,0.7444,0.7783,-3.4
where are you ?,-0.0417122,0.0,0.0,3.3
lol ! ! ! ! ! ! ! ! ! ! !,0.16979413581,0.7,0.6083,-4.6
 what 's wrong with you ?,-0.20746112369,0.9,-0.4767,-5.4
do you know ? you can get paid from wirless bills and legally get your cell service like me  call <number> - <number> - <number>,-0.21135637422,0.2,0.4404,4.0
what are you writing about ?,-0.0417122,0.0,0.0,2.9
lmfao ! ! !,0.18676192997,0.0,0.6571,-4.6
 i 'm pretty sure it was  but i 'm not sure if it 's a good idea .,0.76613230631,0.8444,0.8608,2.8
i 'm not sure if i 'm going to go to college or not . i don 't know if i 'm going to college,0.21017886705,0.8889,-0.2411,-0.3
wkwkwkwk rt <at>,-0.0417122,0.0,0.0,-10.9
<at>,-0.0417122,0.0,0.0,-4.6
hey !,-0.0417122,0.0,0.0,-4.6
i 'm sure you 'll be fine . i 'm sure you 'll be fine .,0.08477395957,0.6944,0.7351,-2.2
ja he !,4.13585725,0.0,0.0,-4.2
lol i 'm just being honest,0.21103143883,0.8,0.7269,-2.6
did you get my text ?,-0.429038075,0.0,0.0,-3.0
i 'm good thank you ! how are you ?,0.198201283,0.6,0.69,-3.4
 i 'm not going to school tomorrow,-0.0417122,0.0,0.0,-1.1
i hope you 're having a great day ! ! !,1.53031272693,0.75,0.8349,0.5
<url> - mail me at nicehornygirl at hotmail . com i got sexy pics i am just dying to show off .,0.45874461919,1.0,0.5267,2.1
i love it ! ! !,0.21033603743,0.6,0.7249,-0.3
i hope you 're feeling better .,2.49506690783,0.5,0.743,2.1
i don 't know where i 'm going,-0.170820825,0.0,0.0,-3.0
hey  i just found out that you can get a free ipad <number> on <url>  hurry up and get yours too !,-0.27866593951,0.8,0.5562,4.4
how do you get a tattoo on your head ? i can 't find it .,-0.47205706885,0.0,0.0,-2.2
oh cool ! ! ! ! ! ! ! ! ! !,0.14514215618,0.65,0.5374,-4.2
what are you referring to ?,-0.0417122,0.0,0.0,2.9
hey  i just got a new call of duty for free ! get yours before it 's too late <url>,0.64226297934,0.6182,0.5562,-0.3
i 'm trying to figure out how to work it out .,0.4798306405,0.0,0.0,0.5
me too ! ! ! ! !,-0.0417122,0.0,0.0,-4.2
i got you,-0.0417122,0.0,0.0,-3.8
haha i know ! ! ! ! ! ! ! ! !,0.04930848817,0.3,0.6331,-0.3
yeah it is,0.0612072072,0.0,0.296,-3.8
lol ! ! ! ! !,0.16979413581,0.7,0.6083,-4.6
<at>,-0.0417122,0.0,0.0,-4.6
you know what i mean .,-0.170820825,0.6875,0.0,-3.0
thanks for the mention !,0.12956516482,0.2,0.4926,-1.0
i don 't know what you 're talking about .,-0.170820825,0.0,0.0,-0.3
i miss you,-0.09494517717,0.0,-0.1531,-3.8
lol u know what i 'm talking about .,-0.02426497995,0.7,0.4215,-0.7
yayayayayayayayayayayayayayayayayayayayayayayayayayayayayayayayayayayayayayayayayayayayayayayayayayayayayayayayayayayayayayayayayayayayayayayayayayayayayayayayayayayayayayayayayayayayayayayayayaya@@,-0.0417122,0.0,0.0,-4.6
yup yup yup yup yup,-0.0417122,0.0,0.0,-3.0
he 's not a knicks fan . he 's the best player in the league .,2.00298161334,0.3,0.5003,-3.4
thank you so much ! ! !,0.14010049603,0.2,0.5229,-3.4
yummy ! ! !,0.18283291206,0.0,0.6458,6.0
oh i see . well i hope it 's not too late .,1.06749477368,0.6,0.6124,-1.8
what are you talking about ?,-0.0417122,0.0,0.0,2.9
<at>,-0.0417122,0.0,0.0,-4.6
i love that song ! ! ! ! ! ! !,0.21843746374,0.6,0.7482,-1.0
i don 't even know what she 's talking about .,0.75743510679,0.0,0.0,0.1
he has a lot of potential . he has a lot of potential .,1.73000204668,1.0,0.0,0.9
 i 'm so tired ! ! ! ! ! !,-0.26959523878,0.7,-0.6554,-3.4
yesssssssss,-0.0417122,0.0,0.0,-4.6
ayee ! ! !,-0.0417122,0.0,0.0,-4.6
 i love you too !,0.19110818872,0.6,0.6696,-1.0
 i 'm not sure if it 's true or not  but i think it 's a good idea .,0.70184033285,0.713,0.645,2.1
if you don 't know what you 're talking about .,0.854562865,0.0,0.0,0.1
i 'm sure he 'll do it .,1.13376688655,0.8889,0.3182,-3.4
awesome ! ! !,0.20734581141,1.0,0.7163,27.3
can 't wait to see the new book !,-0.429038075,0.4545,0.0,-3.0
thank you so much !,0.10428732393,0.2,0.4199,-3.4
yea i 'm bout to send it to you,-0.0417122,0.0,0.0,-2.6
i 'm about to go to sleep .,-0.0417122,0.0,0.0,-2.2
i 've heard of it  it 's pretty weird .,0.27111535534,1.0,0.3612,-1.5
he 's not the only one . lol,1.36853667468,0.85,0.4215,-1.1
i know  i was like wtf ? ! ! ! ! ! ! ! xx,-0.35767518118,1.0,-0.5374,-3.4
rt temen  temen  temen  temen  temen  temen  temen  temen  temen  temen  temen  temen .,-0.0417122,0.0,0.0,9.5
if you don 't know what you 're doing  i 'm sure it 'll be a good thing .,0.62074308247,0.7444,0.6369,0.9
what 's the name of the song ?,-0.0417122,0.0,0.0,-2.2
 <at>,-0.0417122,0.0,0.0,-4.6
- _ _ _ -,-0.170820825,0.0,0.0,0.0
thank you ! ! ! ! ! ! !,0.15553840711,0.0,0.5673,-4.2
lol  i 'm bout to go get some food .,0.2281901977,0.7,0.4215,-1.5
- dances with you -,-0.170820825,0.0,0.0,-0.3
you guys are the best !,1.33861718872,0.3,0.6696,-0.7
i don 't know what you 're talking about .,-0.170820825,0.0,0.0,-0.3
where are you going ?,-0.0417122,0.0,0.0,2.5
he 's the only one who thinks he 's going to go .,1.41411732385,1.0,0.0,-0.3
me too ! ! !,-0.0417122,0.0,0.0,-4.2
oh god  what are you talking about ?,0.05327963124,0.0,0.2732,2.5
lol . i dnt think so . i dnt think so .,0.10484364505,0.7,0.4215,-5.8
you know what i 'm talking about .,-0.170820825,0.0,0.0,-1.1
* rolls eyes *,-0.0417122,0.0,0.0,-4.2
yeah i 'm in the middle of the year,0.0612072072,0.0,0.296,-1.5
thank you !,0.10428732393,0.0,0.4199,-4.2
do you have a bike ?,-0.0417122,0.0,0.0,1.7
if you 're not going to do it  i 'm sure you 'll find it .,0.58687503567,0.8889,0.3182,-0.3
that 's a good idea ! ! ! ! ! ! !,0.17417516463,0.6,0.6209,-3.0
that 's what i 'm talking about .,-0.0417122,0.0,0.0,-2.2
lol i know ! ! ! ! ! ! !,0.04068551081,0.7,0.6083,-3.8
that 's exactly what i was thinking ! ! ! ! ! ! ! ! !,-0.29992945,0.25,0.0,1.3
yes  i do  but i don 't know how to use it .,-0.09627379492,0.0,0.2144,-0.3
hahahaa ! ! ! ! ! ! ! ! ! ! !,-0.0417122,0.0,0.0,16.7
what time you performing tonight ?,-0.0417122,0.0,0.0,5.2
* looks at you * i 'm sorry .,-0.19766331904,1.0,-0.0772,-2.6
that 's what i 'm saying .,-0.429038075,0.0,0.0,-6.2
i love you,0.17973837583,0.6,0.6369,-0.3
that 's what i thought ! ! ! ! ! ! !,-0.0417122,0.0,0.0,-5.4
"""hey  i just finished watching it . look into googling """" moviepoint """" if you are interested in watching it online for free .""",0.54551693683,0.65,0.7184,6.0
they don 't know the truth . they don 't know what they 're talking about .,1.63666704274,0.0,0.3182,-2.2
haha  i 'm sure it 'll be fine  i 'm sure it 'll be fine .,0.12406413867,0.6156,0.8481,2.1
yes ! ! ! xxxx,0.15084444766,0.0,0.5538,-8.9
did you see the video ?,-0.170820825,0.0,0.0,-0.7
i 'm glad you enjoyed it . i 'm glad you enjoyed it .,0.27532129826,0.85,0.9118,-2.6
lmfao ! ! ! ! ! & lt <number>,0.19736680132,0.0,0.6876,-3.8
oh my god ! ! ! ! ! ! ! ! ! ! !,-0.25334491129,0.0,0.5053,-3.8
 i love you ! ! !,0.21033603743,0.6,0.7249,-0.3
what are you talking about ?,-0.0417122,0.0,0.0,2.9
yes  but i don 't know if i can accelerate it .,0.44847410429,0.0,0.2144,1.7
what ? ! ? !,-0.0417122,0.0,0.0,-4.6
welcome to the world !,0.13537176651,0.9,0.5093,2.5
i 'm sure she will .,1.61084531774,0.8889,0.3182,-3.0
yessss ! ! ! ! ! ! ! ! ! ! ! !,-0.0417122,0.0,0.0,-4.6
no i 'm not ! ! ! ! ! !,-0.22307288512,0.0,-0.5216,-5.8
do you think you can escape me ? i can help you . <url>,-0.32336929131,0.0,0.5267,-0.3
that 's what i 'm talking about !,-0.0417122,0.0,0.0,-2.2
 i 'm sure you 'll find a way to find out .,-1.62976617203,0.8889,0.3182,-1.9
<at>,-0.0417122,0.0,0.0,-4.6
o _ _ _ _ _ _ _ _ _ _ _ _ _ _ _ _ _ _ _ _ _ _ _ _ _ _ _ _ _ _ _ _ _ _ _ _ _ _ _ _ _ _ _ _ _ _ _ _ _ _ _ _ _ _ _ _ _ _ _ _ _ _ t,-0.0417122,0.0,0.0,-8.9
* laughs *,0.13001717573,0.0,0.4939,-4.6
<at>,-0.0417122,0.0,0.0,-4.6
 i 'm so happy for you !,0.18318061276,1.0,0.6468,-2.6
it was the first time i read it .,1.90194105,0.3333,0.0,-0.7
yay ! ! ! ! ! ! ! ! ! ! ! !,0.19388979432,0.0,0.6776,-4.6
i don 't think so . i was just thinking about it lol,-0.15337360495,0.7,0.4215,-1.4
 i know ! ! ! ! ! ! ! ! !,-0.170820825,0.0,0.0,-4.2
same here . i just got back from school . i miss you too .,-0.09494517717,0.0625,-0.1531,-0.3
lol i 'm sure you will ! ! !,0.07823718641,0.7944,0.7163,-2.6
<at>,-0.0417122,0.0,0.0,-4.6
<at>,-0.0417122,0.0,0.0,-4.6
thanks ! how are you ?,0.12956516482,0.2,0.4926,-1.0
why not ?,-0.0417122,0.0,0.0,-4.2
you know what ?,-0.170820825,0.0,0.0,-3.8
i don 't know what you 're talking about .,-0.170820825,0.0,0.0,-0.3
idk lol,0.076506038,0.7,0.34,-4.2
hey  i 'm fine  thanks . how are you ?,0.15713783033,0.35,0.5719,-2.2
i know ! ! ! ! ! !,-0.170820825,0.0,0.0,-4.2
ewww . i 'm not a fan . i don 't know if i can handle it .,0.04195358246,0.0,-0.2411,-3.4
i know ! ! ! ! ! ! ! !,-0.170820825,0.0,0.0,-4.2
mee tooo & lt <number>,-0.0417122,0.0,0.0,-3.4
yes i am ! ! ! ! ! ! ! ! ! ! !,0.16520448657,0.0,0.5951,-3.8
please follow me  i love you so much & lt <number>,0.22181016053,0.4,0.7579,2.5
it 's been a while since i 've been out of it .,-0.0417122,0.0,0.0,0.9
you are the best ! ! ! !,1.65282371374,0.3,0.7482,-1.0
haha i know . he 's just like me . i don 't know how to explain it .,0.61960025898,0.3,0.6705,-1.8
lol i didn 't get it .,0.10484364505,0.7,0.4215,-3.8
i don 't know what you 're talking about .,-0.170820825,0.0,0.0,-0.3
i can 't wait ! ! ! ! ! ! ! !,-0.5581467,0.0,0.0,-5.8
d & lt <number>,-0.0417122,0.0,0.0,-7.3
<at>,-0.0417122,0.0,0.0,-4.6
 i 'm sorry . i 'm sorry .,-0.09494517717,1.0,-0.1531,-3.8
have a great day !,0.18735302116,0.75,0.6588,-1.0
i love you too !,0.19110818872,0.6,0.6696,-1.0
what are you talking about ?,-0.0417122,0.0,0.0,2.9
good day ! ! !,0.16085822782,0.6,0.5826,-4.2
yeah i know  it 's so annoying . i don 't want to go to school anymore . i don 't want to go to school anymore .,-0.10496351332,0.9,-0.1757,-0.7
loved it ! loved the new episode ! loved it !,0.2806063489,0.7136,0.927,6.4
i 'm not sure if i can make it or not .,0.66918674329,0.8889,-0.2411,0.5
oh i see . well i hope you have a good day .,1.03402414836,0.6,0.7845,-0.7
i 'm glad you liked it .,0.20178260021,0.9,0.7003,-2.6
i 'm not going to do it !,-0.0417122,0.0,0.0,-3.4
yeah  i know . i was just thinking the same thing .,-0.1324557303,0.125,0.296,-0.7
i dont want to go to school . but i dont want to go to school .,0.02726304109,0.0,-0.1139,-2.2
are you going to the concert ?,-0.0417122,0.0,0.0,0.9
"""hey  i just finished watching it . look into googling """" moviepoint """" if you are interested in watching it online for free""",0.54551693683,0.65,0.7184,6.0
i dont know what you guys talking about .,-0.170820825,0.0,0.0,0.5
i know ! ! ! ! ! ! !,-0.170820825,0.0,0.0,-4.2
what time is it ?,-0.0417122,0.0,0.0,-1.0
 i 'm not sure what you 're talking about .,-0.83564027627,0.8889,-0.2411,0.9
haha ja he !,2.92013956188,0.3,0.5093,-0.3
lmao ! ! ! ! ! ! ! !,0.21012741701,1.0,0.7243,-4.6
well i 'm not the only one who thinks i 'm the only one who thinks i 'm the only one who thinks i 'm the only one who thinks i 'm gay lol,-0.04849865657,0.8806,0.5994,9.5
that 's what i 'm saying .,-0.429038075,0.0,0.0,-6.2
thanks for the ff !,0.20783259239,0.2,0.7177,-5.8
hey ! ! ! ! ! ! ! ! ! ! ! ! ! ! ! ! ! ! ! ! ! ! ! ! ! ! ! ! ! ! ! ! ! ! ! ! ! ! ! ! ! ! ! ! ! ! ! ! !,-0.0417122,0.0,0.0,-4.6
i don 't think he 's going to be able to handle it .,0.65427087037,0.625,0.0,0.1
i love you too .,0.17973837583,0.6,0.6369,-1.0
i 'm sure it 'll be worth it .,0.00090855073,0.4944,0.4939,-3.0
i know ! ! ! ! ! ! ! ! ! !,-0.170820825,0.0,0.0,-4.2
well  i 'm not going to do that .,0.05327963124,0.0,0.2732,-3.0
hahaha  why ?,0.15209617018,0.4,0.5574,6.4
that 's what i 'm talking about .,-0.0417122,0.0,0.0,-2.2
awww i love you so much & lt <number>,0.17973837583,0.4,0.6369,-0.7
<at>,-0.0417122,0.0,0.0,-4.6
i hope so too ! ! ! ! ! !,2.73763438963,0.0,0.6209,-1.0
i know ! ! ! ! ! ! !,-0.170820825,0.0,0.0,-4.2
i 'm bout to go to the gym .,-0.0417122,0.0,0.0,-3.0
jajajajajajajajajajajajajajajajajajajajajajajajajajajajajajajajajajajajajajajajajajajajajajajajajajajajajajajajajajajajajajajajajajajajajajajajajajajajajajajajajajajajajajajajajajajajajaja,-0.0417122,0.0,0.0,983.1
okaaay i 'll do it xx,-0.170820825,0.0,0.0,-3.8
haha i love england too ! ! ! ! ! ! ! ! !,0.25536327808,0.45,0.8544,2.9
i love you too xxxxxxxxxx,0.17973837583,0.6,0.6369,-3.0
 i love you too,0.17973837583,0.6,0.6369,-1.0
don 't worry about it  i 'm sure you 'll be fine .,-0.15287946888,0.6944,0.0516,0.9
looool ! ! ! ! ! ! ! ! ! !,-0.0417122,0.0,0.0,-4.6
what ? ? ? ? ? ? ? ?,-0.0417122,0.0,0.0,-4.6
i love it !,0.19110818872,0.6,0.6696,-0.3
no i 'm not ! ! ! !,-0.22307288512,0.0,-0.5216,-5.8
what are you talking about ?,-0.0417122,0.0,0.0,2.9
i knowww ! ! ! ! ! ! !,-0.0417122,0.0,0.0,-4.2
haha i don 't know  i just don 't like it .,0.06231249435,0.3,0.6705,-0.7
yes ! ! ! ! ! ! ! !,0.16520448657,0.0,0.5951,-4.6
i 'll send it to you,-0.170820825,0.0,0.0,-3.8
heeeeelllllllllllllllllllllllllllllllllllllllllllllllllllllllllllllllllllllllllllllllllllllllllllllllllllllllllllllllllllllllllllllllllllllllllllllllllllllllllllllllllllllllllllllllllllllllllllllllllllllllllllllllllllllllllllllllllllllllllllllllllllllllllllllllll,-0.0417122,0.0,0.0,-4.6
how do you know ? <at>,-0.170820825,0.0,0.0,-3.0
i agree with you on that .,0.08387729284,0.0,0.3612,-0.3
what ? !,-0.0417122,0.0,0.0,-4.6
awwwwwwwwwwwwwwwwwwwwwwwwwwwwwwwwwwwwwwwwwwwwwwwwwwwwwwwwwwwwwwwwwwwwwwwwwwwwwwwwwwwwwwwwwwwwwwwwwww,-0.0417122,0.0,0.0,-4.6
thank you so much for the kind words .,0.20501621672,0.55,0.7096,-1.8
what 's the score ?,-0.0417122,0.0,0.0,-3.4
no  i 'm not sure . i 'm not sure if it 's a good thing or not .,0.07157491659,0.7926,-0.3013,-3.0
i 've been good . how about you ?,0.11141518828,0.6,0.4404,-2.6
i hope you have a great day !,1.70415555791,0.75,0.807,1.3
lol ! ! ! ! ! ! ! ! ! ! ! !,0.16979413581,0.7,0.6083,-4.6
i 'm sure it will be fun ! ! ! ! ! ! !,0.09906445834,0.5444,0.7762,-2.2
i 'm fine thanks ! how are you ?,0.17087200798,0.35,0.6114,-2.6
that 's what i 'm saying .,-0.429038075,0.0,0.0,-6.2
lol ! ! ! ! ! ! ! ! ! ! ! ! ! ! ! ! ! ! ! !,0.16979413581,0.7,0.6083,-4.6
i 'm going to bed at <number> am . i 'll be back in about <number> hours .,-0.170820825,0.0,0.0,-0.7
what 's the name of it ?,-0.0417122,0.0,0.0,-2.6
lol yeah it was pretty good ! ! ! ! ! ! !,1.03940402097,0.7667,0.9056,-0.3
 i know ! ! ! ! ! ! ! !,-0.170820825,0.0,0.0,-4.2
i think it will be a lot more interesting . i think it will be a lot more interesting .,0.51542405464,0.5,0.7172,3.3
i can 't wait ! ! ! ! ! ! !,-0.5581467,0.0,0.0,-5.8
 i 'm so excited ! ! ! !,0.16489155594,0.75,0.5942,-1.0
that 's what i 'm talking about .,-0.0417122,0.0,0.0,-2.2
i 'm sure he will .,1.61084531774,0.8889,0.3182,-3.0
yes ! ! ! ! ! ! ! ! ! !,0.16520448657,0.0,0.5951,-4.6
lmao ! ! ! ! ! ! ! !,0.21012741701,1.0,0.7243,-4.6
that 's cool ! how old are you ?,0.09048360614,0.425,0.3802,-3.8
"""hey  i just finished watching it . look into googling """" moviepoint """" if you are interested in watching it online for free .""",0.54551693683,0.65,0.7184,6.0
yeah i know . i 'm just gonna have to wait until i get home .,-0.0679014178,0.0,0.296,0.1
<minor_speaker> what is the point ?,-0.0417122,0.0,0.0,2.9
lol i see u got a good day,0.06937081856,0.65,0.6908,-1.8
awww ! ! ! ! ! ! ! ! ! ! !,-0.0417122,0.0,0.0,-4.6
how much is it ?,-0.0417122,0.2,0.0,-3.4
lol i know but i need to find a way to get it,0.27835785417,0.7,0.2263,0.1
what 's the link ?,-0.0417122,0.0,0.0,-5.8
i agree  but i think it 's a great idea . i think it would be a good idea .,0.08924270716,0.675,0.9052,-0.3
thanks for the rt !,0.12956516482,0.2,0.4926,-5.8
lol why ?,0.10484364505,0.7,0.4215,-4.2
thank you ! ! ! ! ! ! !,0.15553840711,0.0,0.5673,-4.2
i agree with you !,0.10428732393,0.0,0.4199,-1.0
 hey ! ! ! ! ! ! ! ! ! ! !,-0.0417122,0.0,0.0,-4.6
yes ! ! ! ! ! ! ! ! !,0.16520448657,0.0,0.5951,-4.6
i know  but i don 't know what to do with it .,-0.170820825,0.0,0.0,-1.5
yeah  i 'm sure he will .,1.41053891924,0.8889,0.5423,-2.6
awww that 's so cute ! hope he 's ok !,2.91994051068,0.75,0.8698,-3.4
i 'm not the only one ! ! !,-0.170820825,1.0,0.0,-0.3
yeah  i agree with you  but i don 't agree with that .,0.19500243656,0.0,0.6808,0.9
me too ! ! !,-0.0417122,0.0,0.0,-4.2
<number> <number>,-0.0417122,0.0,0.0,6.4
that 's cool . i need to find a place to find out .,-1.18724804522,0.65,0.3182,-2.6
i know right ! ! ! ! ! ! ! ! ! !,-0.170820825,0.5357,0.0,-3.8
i 'm sorry ! ! !,-0.14271925335,1.0,-0.2905,-3.8
i don 't get it . i don 't know how to do it .,-0.170820825,0.0,0.0,-3.8
i love you too !,0.19110818872,0.6,0.6696,-1.0
you 're the only one that doesn 't like me .,-0.04523133216,1.0,0.3612,1.3
waaat ?,-0.0417122,0.0,0.0,-4.6
if you 're a belieber then you want to do this <url>,0.4762098898,0.0,0.0772,2.1
i don 't know what you 're talking about  but i don 't know what you 're talking about .,-0.170820825,0.0,0.0,3.6
oh i didn 't know you were on twitter lol,-0.02426497995,0.7,0.4215,0.1
lol you know it .,-0.02426497995,0.7,0.4215,-3.4
what are you talking about ?,-0.0417122,0.0,0.0,2.9
thank you so much for the support !,0.19110818872,0.2,0.6696,-1.1
yes ! ! ! ! !,0.16520448657,0.0,0.5951,-4.6
you are so right ! ! !,-0.0417122,0.5357,0.0,-1.0
i don 't even know who it is . i 'm just saying .,-0.29992945,0.0,0.0,-3.8
thanks for the reminder .,0.11141518828,0.2,0.4404,2.5
yes i do .,0.09802871133,0.0,0.4019,-3.8
lmao ! ! ! ! ! !,0.21012741701,1.0,0.7243,-4.6
i can 't wait to see you guys !,-0.429038075,0.0,0.0,-3.0
lol ! ! ! ! !,0.16979413581,0.7,0.6083,-4.6
 i 'm not sure . i 'm not sure if i 'm going to be able to find out .,-1.03540706242,0.8009,-0.4449,-1.5
i saw it ! ! ! ! ! ! ! ! !,-0.170820825,0.0,0.0,-3.8
yes  i agree with the govt govt govt . he 's not a candidate . he 's not a candidate .,1.22413073833,0.0,0.6369,-0.3
i love you too & lt <number>,0.17973837583,0.6,0.6369,-0.3
i 'm not going to school tomorrow  i 'm going to bed at <number> am .,-0.0417122,0.0,0.0,2.1
<number>,-0.0417122,0.0,0.0,6.0
thank you so much !,0.10428732393,0.2,0.4199,-3.4
thank you !,0.10428732393,0.0,0.4199,-4.2
i haven 't seen it in a while .,-0.170820825,0.0,0.0,-0.7
well i 'm sure you 'll find it .,-0.02456028961,0.8889,0.5267,-3.0
i didn 't go to class . i didn 't go to class .,1.5938950227,0.0,0.0,-3.8
okay . so what are you doing ?,0.03697246841,0.5,0.2263,0.9
i don 't know what you 're talking about .,-0.170820825,0.0,0.0,-0.3
that 's what i 'm thinking of .,-0.29992945,0.0,0.0,-3.4
no he visto .,2.64013618817,0.0,-0.296,-0.3
it 's on channel <number> on channel <number> on channel <number>,-0.0417122,0.0,0.0,4.0
i think it would be a bad idea .,-0.12562874576,0.6667,-0.5423,-0.7
haha i know ! ! ! ! ! ! ! !,0.04930848817,0.3,0.6331,-0.3
it 's okay,0.03697246841,0.5,0.2263,-3.8
go to sleep lol,0.10484364505,0.7,0.4215,-3.4
that 's what i 'm talking about ! ! !,-0.0417122,0.0,0.0,-2.2
ahem ! ! ! ! !,-0.0417122,0.0,0.0,6.0
lol i 'm bout to hit you up,0.10484364505,0.7,0.4215,-3.0
thank you so much for the kind words . i appreciate it .,0.24427162575,0.55,0.8225,-0.7
i know  i love it .,0.05062975083,0.6,0.6369,-0.7
i agree with you .,0.08387729284,0.0,0.3612,-1.0
lol . i 'm sure you 'll find a way to do it .,0.00958391913,0.7944,0.6249,-1.5
i thought u was gonna go to sleep lol,-0.15337360495,0.7,0.4215,-0.3
starbucks ! ! ! !,-0.0417122,0.0,0.0,6.0
u kno wat it is ! ! ! !,-0.0417122,0.0,0.0,-3.0
no  i 'm not going to have to worry about it .,-0.25899036743,0.0,-0.6249,1.7
i 'm bout to go to the beach,-0.0417122,0.0,0.0,-3.0
you 're lucky ! ! ! ! ! ! !,1.70181141876,0.8333,0.6083,-0.3
^ _ _ _ _ _ _ _ ^,-0.0417122,0.0,0.0,0.0
 i don 't know what she is . i 'm not sure if i 'm not going to be able to find her .,0.80353902869,0.7569,-0.2411,-0.7
i don 't even know what you 're talking about,-0.170820825,0.0,0.0,1.3
rt rt rt rt rt rt rt rt rt <heart> <cont> <url>,-0.0417122,0.0,0.0,-8.6
i don 't think so,-0.0417122,0.0,0.0,-5.4
what 's the name of it ?,-0.0417122,0.0,0.0,-2.6
where are you going ?,-0.0417122,0.0,0.0,2.5
yeah  i 'm going to try and find a way to do it .,0.2442071677,0.0,0.296,-1.1
lmao ! ! ! ! ! !,0.21012741701,1.0,0.7243,-4.6
i know what you mean .,-0.170820825,0.6875,0.0,-3.0
awwwww ! ! ! ! ! ! ! !,-0.0417122,0.0,0.0,-4.6
good luck ! hope you have a great day !,1.49093953306,0.675,0.9258,0.5
<at>,-0.0417122,0.0,0.0,-4.6
<url> - mail me at nicehornygirl at hotmail . com i got lots of sexy pics i am just dying to show off .,0.61313476094,1.0,0.5267,2.5
"""hey  i just finished watching it . look into googling """" moviepoint """" if you are interested in watching it online .""",0.48161193133,0.5,0.4019,6.8
oh  i see .,-0.170820825,0.0,0.0,-3.8
no  i don 't think so . i don 't know how to do it .,-0.2737402322,0.0,-0.296,-3.4
lol ! ! ! ! ! ! ! ! ! ! ! ! ! ! ! ! !,0.16979413581,0.7,0.6083,-4.6
lol ! ! ! ! ! ! !,0.16979413581,0.7,0.6083,-4.6
i 'm bout to get a new one . i got a new one too .,-0.170820825,0.4545,0.0,-1.1
okie dokie,-0.0417122,0.0,0.0,1.7
thank you so much !,0.10428732393,0.2,0.4199,-3.4
i don 't know if i can get it,0.58105457959,0.0,0.0,-2.6
thanks for the rt !,0.12956516482,0.2,0.4926,-5.8
it 's not the same .,-0.0417122,0.125,0.0,-3.0
nothing much  just got home from work . how 's your day going ?,-0.0417122,0.2,0.0,-1.4
hey ! ! ! ! ! ! ! ! ! ! ! ! ! ! !,-0.0417122,0.0,0.0,-4.6
i 'm sorry . i don 't know what you 're talking about .,-0.19766331904,1.0,-0.0772,-1.4
rt i can 't wait to see him ! ! ! ! ! ! ! !,0.6153542875,0.0,0.0,-4.2
that 's what i 'm trying to do . i don 't know how to do it . i don 't know how to do it .,0.0787623825,0.0,0.0,-3.0
that 's what i 'm going to do .,-0.0417122,0.0,0.0,-4.2
i 'm sure he 'll be there .,1.13376688655,0.8889,0.3182,-2.2
<at>,-0.0417122,0.0,0.0,-4.6
so what are you up to ?,-0.0417122,0.0,0.0,-0.3
<url> - mail me at nicehornygirl at hotmail . com i got lots of sexy pics i am just dying to show off .,0.61313476094,1.0,0.5267,2.5
i 've heard of it  it 's pretty good . i 've heard of it  but i don 't know what it is .,0.03849989101,0.8,0.4678,-0.7
lol i know ! ! ! ! ! !,0.04068551081,0.7,0.6083,-3.8
what do you like ?,0.08387729284,0.0,0.3612,-1.0
i love it ! ! ! ! !,0.21843746374,0.6,0.7482,-0.3
i love the new macbook pro . i love the mac keyboard .,0.25574574885,0.5515,0.8555,0.5
what 's wrong ?,-0.20746112369,0.9,-0.4767,-7.3
i know . i 'm just saying .,-0.29992945,0.0,0.0,-3.8
<number> . <number> .,-0.0417122,0.0,0.0,6.4
because you can 't drink coffee .,-0.5581467,0.0,0.0,0.9
i can 't wait ! ! ! ! ! ! ! ! xx,-0.5581467,0.0,0.0,-7.7
i 'm good  how are you ?,0.11141518828,0.6,0.4404,-2.6
omg ! ! ! ! ! ! ! ! !,-0.0417122,0.0,0.0,-4.6
lol ! ! ! ! ! ! !,0.16979413581,0.7,0.6083,-4.6
thank you so much !,0.10428732393,0.2,0.4199,-3.4
creepy creepy creepy guy . creepy creepy creepy guy . creepy creepy creepy guy .,-0.0417122,1.0,0.0,4.9
i think i 'm going to try to find a way to find a new one .,0.07710382415,0.4545,0.0,1.3
congrats ! you deserve it !,0.17048953721,0.0,0.6103,4.9
if you don 't have a valid argument  i 'm sure you 'll find someone who doesn 't want to have a valid argument .,0.23042516827,0.8889,-0.34,7.9
i can 't wait to see you !,-0.429038075,0.0,0.0,-3.4
i don 't even know who she is ! ! ! ! ! ! !,0.8735715375,0.0,0.0,-1.8
 lol ! ! ! ! ! ! ! !,0.16979413581,0.7,0.6083,-4.6
thanks for the mention . i 'm sure it 'll be a great day .,0.12538540133,0.613,0.8519,-2.6
rt if you 're a girl  you 're the one who doesn 't give a fuck .,0.41059451664,0.6,-0.5423,1.3
i 'm not going to sleep . i 'm just tired .,-0.19483958828,0.7,-0.4404,-4.2
i don 't know what you 're talking about .,-0.170820825,0.0,0.0,-0.3
- _ _ _ _ -,-0.170820825,0.0,0.0,0.0
they don 't know how to do it .,0.8735715375,0.0,0.0,-3.0
do you think you can escape me ? i got nude photos of you i posted here <url>,-0.41020111432,0.0,0.1779,1.7
<url> - mail me at nicehornygirl at hotmail . com i got sexy pics i am just dying to show off .,0.45874461919,1.0,0.5267,2.1
hey  i 'm good thanks . how about you ?,0.20178260021,0.4,0.7003,-3.4
yeah i know . i think i 'll watch raw tonight too . i don 't watch tv shows .,-0.10017857405,0.4615,0.296,-4.2
lmao ! ! !,0.20101765867,1.0,0.6981,-4.6
lol ! ! ! ! ! ! ! ! ! !,0.16979413581,0.7,0.6083,-4.6
<url> - mail me at nicehornygirl at hotmail . com i got lots of sexy pics i am just dying to show off .,0.61313476094,1.0,0.5267,2.5
lol you know what i 'm talking about,-0.02426497995,0.7,0.4215,-0.7
where are you ?,-0.0417122,0.0,0.0,3.3
i know ! ! ! ! ! !,-0.170820825,0.0,0.0,-4.2
exactly ! ! ! !,-0.0417122,0.25,0.0,16.7
i can 't wait to see you ! ! ! ! !,-0.429038075,0.0,0.0,-3.4
i 'm not a fan of it  but i 'm not a fan of it . i 'm not a fan of it .,-0.26983862927,0.0,-0.6561,-1.9
i 'm not sure  but i 'm not sure if it 's worth it  but i 'm sure it 'll be worth it .,0.07074189686,0.5733,-0.1697,2.8
that 's what i 'm talking about ! ! !,-0.0417122,0.0,0.0,-2.2
it was amazing ! i loved it !,0.25428540591,0.85,0.8513,0.9
i love her ! she 's gorgeous ! she 's gorgeous ! x,3.41600872088,0.8,0.9334,-3.8
i don 't know what you 're talking about .,-0.170820825,0.0,0.0,-0.3
it 's true .,0.10484364505,0.65,0.4215,-7.3
thank you !,0.10428732393,0.0,0.4199,-4.2
thank you,0.08387729284,0.0,0.3612,-4.2
yeah i am  i 'll be there at <number> <number> . i 'll be there at <number> <number> . i 'll be there at <number> <number>,-0.0679014178,0.0,0.296,0.5
what are you talking about ?,-0.0417122,0.0,0.0,2.9
can you follow me please ? i love you & lt <number>,-0.29462433947,0.6,0.7579,0.5
yes  i do . but i have to go back to school . i have to go back to school .,0.03283483008,0.0,0.2144,-1.4
lmao ! ! ! ! ! ! !,0.21012741701,1.0,0.7243,-4.6
it 's not that bad . i think it 's funny .,-0.05806884308,0.8333,0.6956,-4.2
haha  yeah  i don 't think i can handle it . i don 't know if i can handle it  but i don 't think it 's true .,0.1810572719,0.475,0.743,0.1
where u at ?,-0.0417122,0.0,0.0,-0.3
what are you talking about ?,-0.0417122,0.0,0.0,2.9
morning,-0.0417122,0.0,0.0,6.0
i don 't know  i don 't know how to spell it lol,-0.02426497995,0.7,0.4215,-1.1
omgggggggggggggggggggggggggggggggggggggggggggggggggggggggggggggggggggggggggggggggggggggggggggggggggggggggggggggggggggggggggggggggggggggggggggggggggggggggggggggggggggggggggggggggggggggggggggggggggggggggggggggggggggggggggggggggggggggggggggggggggggggggggggggggggggggggggggggggggggggggggggggggggggggggggggggggggggggggggggggggggggggggggggggggggggggggggggggggggggggggggggggggggggggggggggggggggggg@@,-0.0417122,0.0,0.0,-4.6
 happy easter to you too !,0.17087200798,1.0,0.6114,1.7
 <at>,-0.0417122,0.0,0.0,-4.6
i 'd like to see what you would do .,0.32508026978,0.0,0.3612,-1.5
happy easter to you too !,0.17087200798,1.0,0.6114,1.7
followed,-0.0417122,0.0,0.0,16.7
i think i 'm going to go to school tomorrow .,-0.29992945,0.0,0.0,0.1
thank you,0.08387729284,0.0,0.3612,-4.2
lmao ! ! ! ! !,0.21012741701,1.0,0.7243,-4.6
i 'm not gonna be able to go to the gym,-0.0417122,0.625,0.0,0.5
lol . i 'm sure it 's a good idea . but i 'm sure it 'll be interesting .,0.0965438642,0.7156,0.875,-0.7
olivia wilson is on the same boat .,-0.0417122,0.125,0.0,3.7
haha  i 'm sorry . i 'm sorry . i don 't know what to do .,-0.052602587,0.7667,0.34,-3.4
that 's what i 'm talking about .,-0.0417122,0.0,0.0,-2.2
where are you going ?,-0.0417122,0.0,0.0,2.5
o . o,-0.0417122,0.0,0.0,-4.2
where are you going ?,-0.0417122,0.0,0.0,2.5
thanks,0.11141518828,0.2,0.4404,-4.6
it 's been a while since i 've heard it .,-0.429038075,0.0,0.0,0.1
lol i was just saying,-0.28248222995,0.7,0.4215,-3.0
i 'm going to the beach ! ! ! ! ! ! ! ! ! !,-0.0417122,0.0,0.0,-3.8
i 'm not sure if i 'm following you or not  but i 'll follow you .,0.59829146126,0.4944,-0.1232,2.4
hahaha ! ! ! ! ! ! ! ! ! ! ! ! ! ! ! ! !,0.20073949811,0.4,0.6973,16.7
* raises an eyebrow * what are you talking about ?,-0.0417122,0.0,0.0,5.2
yes  it is .,0.09802871133,0.0,0.4019,-3.8
what are you guys talking about ?,-0.0417122,0.0,0.0,2.1
 i miss you !,-0.11973623708,0.0,-0.2244,-3.8
lol you know what i 'm talking about .,-0.02426497995,0.7,0.4215,-0.7
yes  i agree with you . i 'm sure she 'd be interested in the book .,0.6813519033,0.6944,0.8481,0.1
thank you so much for the kind words !,0.21367396415,0.55,0.7345,-1.8
i 've read the book .,1.920624,0.0,0.0,-3.0
tell me about it .,-0.0417122,0.0,0.0,-1.0
ok . thanks . i 'll check it out .,0.04645734243,0.35,0.6249,-3.4
omg i just got a free apple ipad <number> ! get it before it to late ! <url>,0.16593465804,0.7,0.5972,1.7
where are you ?,-0.0417122,0.0,0.0,3.3
i 'm not going to lie to her lol,1.03309957684,0.7,0.4215,-2.6
what 's the score ?,-0.0417122,0.0,0.0,-3.4
hey ! ! ! ! ! ! ! !,-0.0417122,0.0,0.0,-4.6
yessir,-0.0417122,0.0,0.0,6.0
haha & lt <number> & lt <number>,0.11781288116,0.3,0.4588,-0.7
lol i was just thinking about it,-0.15337360495,0.7,0.4215,1.3
haha . i love him too ! ! !,1.92253158031,0.45,0.8433,1.7
yeah  i think it 's a good deal .,-0.08265128257,0.6,0.6249,-3.0
 <at>,-0.0417122,0.0,0.0,-4.6
how much does it cost ?,-0.0417122,0.2,0.0,-3.0
chilln you ?,-0.0417122,0.0,0.0,-4.2
if you need a job  go to <url> - it 's the best site to find local jobs  and it 's free !,0.97356459152,0.3667,0.8313,3.2
i don 't know what you 're talking about .,-0.170820825,0.0,0.0,-0.3
it is ! ! !,-0.0417122,0.0,0.0,-4.2
ff <at>,0.10484364505,0.0,0.4215,-8.9
what ? ! ! ! ! ! ! ! ! ! !,-0.0417122,0.0,0.0,-4.6
why not ?,-0.0417122,0.0,0.0,-4.2
thank you so much for the rt !,0.10428732393,0.2,0.4199,-3.4
lol ! ! ! ! ! ! !,0.16979413581,0.7,0.6083,-4.6
lmao ! ! ! ! ! ! ! !,0.21012741701,1.0,0.7243,-4.6
thanks man ! i 'm going to try and get a job soon !,0.62394890643,0.2,0.5399,-1.5
where you at ?,-0.0417122,0.0,0.0,-0.3
lol i know i know . i 'm just gonna have to check it out,-0.02426497995,0.7,0.4215,-1.1
<at>,-0.0417122,0.0,0.0,-4.6
what did you do ?,-0.0417122,0.0,0.0,-3.4
lol ! ! ! ! ! ! ! !,0.16979413581,0.7,0.6083,-4.6
i love it !,0.19110818872,0.6,0.6696,-0.3
what are you talking about ?,-0.0417122,0.0,0.0,2.9
yes indeed ! ! ! ! ! ! ! !,0.16520448657,0.0,0.5951,1.7
call me when you get back,-0.0417122,0.0,0.0,-2.6
 i 'm trying to figure out how to do it .,0.5320423,0.0,0.0,0.1
where the hell are you ?,-0.27842683656,0.0,-0.6808,1.7
that 's what i 'm talking about .,-0.0417122,0.0,0.0,-2.2
hahaha ! ! ! ! ! ! ! ! ! ! ! !,0.20073949811,0.4,0.6973,16.7
you don 't have to .,-0.0417122,0.0,0.0,-3.0
yes ! ! ! ! ! ! ! !,0.16520448657,0.0,0.5951,-4.6
it 's ok,0.0612072072,0.5,0.296,-7.3
thank you for all the support !,0.19110818872,0.0,0.6696,-0.3
what are you talking about ?,-0.0417122,0.0,0.0,2.9
true ! ! ! ! ! ! ! ! !,0.16979413581,0.65,0.6083,-4.6
they 're talking about my mom and dad . i don 't know .,0.26694499537,0.0,0.0,-1.4
thank you for the rt !,0.10428732393,0.0,0.4199,-5.4
 i 'm not sure . i 'm not sure what to do with it . i don 't know .,-0.90650167893,0.8889,-0.4449,-4.2
yes  i agree with you . i 'm a huge fan of it  but i don 't know what to do with it .,0.03759097458,0.9,0.5994,-0.7
omg ! ! ! ! ! ! ! ! ! ! ! ! ! ! ! ! !,-0.0417122,0.0,0.0,-4.6
yesssssssss ! ! ! ! ! !,-0.0417122,0.0,0.0,-4.6
i 'm sure you 'll find a way to do it .,-0.09705588556,0.8889,0.3182,-1.9
how are you ? i do art with a difference on youtube and wondered if you 'd like to subscribe <url>,0.75910849389,0.0,0.3612,4.8
<number>  <number>  you ?,-0.0417122,0.0,0.0,3.3
thank you ! ! !,0.14010049603,0.0,0.5229,-4.2
yes  you are .,0.09802871133,0.0,0.4019,-0.3
well  if you don 't want to  i 'm sure you 'll find it .,1.02118642199,0.8889,0.5719,-0.7
"""hey  i just finished watching it . look into googling """" moviepoint """" if you are interested in watching it online .""",0.48161193133,0.5,0.4019,6.8
i 'm not a belieber  but i 'm a belieber . i 'm a belieber .,-0.0417122,0.0,0.0,0.1
rt rt rt rt rt rt rt rt rt rt rt rt rt rt rt rt,-0.0417122,0.0,0.0,-8.2
what are you talking about ?,-0.0417122,0.0,0.0,2.9
why ?,-0.0417122,0.0,0.0,-4.6
thanks for the ff !,0.20783259239,0.2,0.7177,-5.8
thank you so much for the support !,0.19110818872,0.2,0.6696,-1.1
lol ! ! ! ! ! ! ! !,0.16979413581,0.7,0.6083,-4.6
i 'm not too tired  just woke up at <number> am and woke up at <number> am .,0.07692327884,0.7,0.3412,4.0
chocolate chip cookies are the best .,1.13618712733,0.3,0.6369,6.8
haha ! ! ! ! ! ! !,0.17841711317,0.3,0.6331,6.0
- nuzzles you -,-0.170820825,0.0,0.0,1.7
<at>,-0.0417122,0.0,0.0,-4.6
i don 't know what to do with it . i don 't know how to explain it .,-0.170820825,0.0,0.0,-3.0
i don 't know what you 're talking about .,-0.170820825,0.0,0.0,-0.3
fasho fasho fasho,-0.0417122,0.0,0.0,6.8
oh no ! ! ! ! ! ! ! ! ! ! ! !,-0.22307288512,0.0,-0.5216,-4.2
 <at>,-0.0417122,0.0,0.0,-4.6
thank you !,0.10428732393,0.0,0.4199,-4.2
follow he follows back,2.047072525,0.0,0.0,2.5
yes i do !,0.11732610018,0.0,0.4574,-3.8
i love it ! ! !,0.21033603743,0.6,0.7249,-0.3
i like the sound of it  but i don 't want to watch it .,-0.18040288424,0.4,0.296,0.5
yea . i was in the same boat .,-0.0417122,0.125,0.0,-1.1
iight i got you .,-0.0417122,0.0,0.0,-3.4
you 're not the only one .,-0.170820825,1.0,0.0,0.9
i will check it out ! thanks !,0.01690278293,0.2,0.5399,-2.6
do you know ? you can get paid from wirless bills and legally get your cell service free like me  call <number> - <number> - <number>,-0.10888897793,0.5,0.7351,4.0
 * looks at you curiously * i love you . * kisses you deeply *,0.11345926732,0.5,0.8176,2.9
i can 't do it ! ! ! ! ! !,-0.5581467,0.0,0.0,-5.4
where you going ?,-0.0417122,0.0,0.0,-0.3
lol  i 'm sure he did .,1.43925899706,0.7944,0.6249,-2.6
if you don 't know what you 're talking about .,0.854562865,0.0,0.0,0.1
sorry  i was just thinking about it .,-0.32677194404,1.0,-0.0772,2.5
happy easter to you too !,0.17087200798,1.0,0.6114,1.7
i 'll send it to you when i get home,-0.170820825,0.0,0.0,-2.2
 i love you too !,0.19110818872,0.6,0.6696,-1.0
i didn 't know you were there .,-0.170820825,0.0,0.0,-1.1
lol ! ! ! ! ! ! !,0.16979413581,0.7,0.6083,-4.6
lol ! ! ! ! !,0.16979413581,0.7,0.6083,-4.6
lol i was just thinking the same thing .,-0.15337360495,0.4125,0.4215,0.5
i don 't know . i don 't know . i 'm not going to school anymore .,-0.0417122,0.0,0.0,-3.0
you 're the only one who doesn 't have a bike .,-0.170820825,1.0,0.0,1.7
thank you !,0.10428732393,0.0,0.4199,-4.2
 i love you ! !,0.20126104916,0.6,0.6988,-0.3
yeah  it was pretty good . i think it was a good idea  but i think it was a good idea .,0.22797993511,0.7,0.8573,0.1
